"tahun_putusan","tahun_kejadian","tingkat_persidangan","hasil_putusan","lokasi_kejadian","barang_bbm","nilai_kerugian_uang","mata_uang","nilai_kerugian_volume","satuan_volume","nomor_putusan","pengadilan","tanggal_putusan","provinsi","kabupaten_kota","dasar_lokasi","dasar_hasil","dasar_nilai_uang","dasar_volume","relevan_bbm","jenis_bbm_disebut","klasifikasi","sumber_data","lampiran_pdf","file_pdf","url_putusan","sumber_daftar"
2020,NA,"MA","Bersalah","Wilayah hukum PN BANJARBARU","Solar",NA,NA,245,"liter","100 K/Pid.Sus/2020","MAHKAMAH AGUNG","3 Februari 2020","Kalimantan Selatan",NA,"lokasi pengadilan (tempat kejadian tidak terbaca)","kasasi penuntut umum ditolak: ikut putusan sebelumnya; mengikuti putusan sebelumnya yang dikutip (amar: terdakwa terbukti bersalah)",NA,"jumlah barang bukti BBM yang dikutip dari putusan/tuntutan sebelumnya: 220 + 25 liter","Ya","Solar (9)",NA,"PDF putusan","Ada","pdf/100 K_PID.SUS_2020.pdf",NA,"PDF lokal"
2022,NA,"MA","Bersalah","Wilayah hukum PN PONTIANAK",NA,NA,NA,NA,NA,"103 K/Pid.Sus/2022","MAHKAMAH AGUNG","8 Februari 2022","Kalimantan Barat",NA,"lokasi pengadilan (tempat kejadian tidak terbaca)","kasasi penuntut umum ditolak: ikut putusan sebelumnya; mengikuti putusan sebelumnya yang dikutip (amar: terdakwa terbukti bersalah)",NA,NA,"Tidak (LPG/gas)",NA,NA,"PDF putusan","Ada","pdf/103_K_Pid.Sus_2022.pdf",NA,"PDF lokal"
2022,"2018","MA","Bersalah","rumah Terdakwa di Jorong Simpang Ampek Nagari Abai, Kecamatan Sangir Batang Hari, Kabupaten Solok Selatan, Terdakwa telah menggunakan rumahnya sebagai tempat untuk menyimpan Bahan Bakar Minyak (BBM) j","Biosolar",NA,NA,810,"liter","104 K/Pid.Sus/2022","MAHKAMAH AGUNG","8 Februari 2022","Sumatera Barat","Kabupaten Solok Selatan","teks putusan (bertempat di ...)","kasasi/PK terdakwa ditolak: pemidanaan tetap berlaku",NA,"angka di uraian perkara (konteks penyitaan didahulukan): ""27 x 30 liter: 27 (dua puluh tujuh) jerigen yang masing-masing jerigen berisi 30 (tiga puluh) liter""","Ya","Biosolar (3)",NA,"PDF putusan","Ada","pdf/104 K_Pid.Sus_2022.pdf",NA,"PDF lokal"
2021,"2020","PT","Bersalah","Desa Aluh-aluh besar, Rt. 01, Kec. Aluh-aluh, Kabupaten Banjar","Solar",28160000,"IDR",4400,"liter","105/PID.SUS/2021/PT BJM","PT BANJARMASIN","16 Juni 2021","Kalimantan Selatan","Kabupaten Banjar","teks putusan (bertempat di ...)","menguatkan putusan sebelumnya: ikut putusan sebelumnya; mengikuti putusan sebelumnya yang dikutip (amar: terdakwa terbukti bersalah)","dihitung: volume 4400 liter x harga beli Rp6400/liter (""enam ribu rupiah dan dijual kembali secara eceran oleh terdakwa seharga seharga Rp.6.400,00 (enam ribu empat ratus rupiah"")","jumlah barang bukti BBM yang dikutip dari putusan/tuntutan sebelumnya: 4.400 liter","Ya","Solar (37)",NA,"PDF putusan","Ada","pdf/105_PID.SUS_2021_PT_BJM.pdf",NA,"PDF lokal"
2023,"2023","PN","Bersalah","Dusun Barat Gampong Uram Jalan Kecamatan Geuredong Pasee Kabupaten Aceh Utara","BBM (jenis tidak disebut)",450000,"IDR",210,"liter","109/Pid.B/LH/2023/PN Lsk","PN LHOKSUKON","11 Juli 2023","Aceh","Kabupaten Aceh Utara","teks putusan (bertempat di ...)","amar: terdakwa terbukti bersalah","nilai transaksi BBM disebut putusan: ""kwa menjual bahan bakar minyak mentah hasil dari sumur bor milik [nama] sebesar Rp.450.000,- (empat ratus lima puluh rib""","angka di uraian perkara (konteks penyitaan didahulukan): ""s empat puluh) liter salah satu titik lainnya atau sebanyak 210 (dua ratus sepuluh) liter jika dijumlahkan. - Bahwa terdakwa menj""","Sebagian (minyak mentah)",NA,NA,"PDF putusan","Ada","pdf/109_Pid.B_LH_2023_PN_Lsk.pdf",NA,"PDF lokal"
2020,"2019","PT","Bersalah","Gudang milik [nama] di Desa Kendawangan Kiri Kec. Kendawangan Kab. Ketapang Kalimantan Barat","Solar",19451120,"IDR",3890.224,"liter","117/PID.SUS/2020 /PT PTK",NA,"26 Juni 2020","Kalimantan Barat","Kabupaten Ketapang Kalimantan Barat","teks putusan (bertempat di ...)","menguatkan putusan sebelumnya: ikut putusan sebelumnya; mengikuti putusan sebelumnya yang dikutip (amar: terdakwa terbukti bersalah)","dihitung: volume 3890.224 liter x harga per liter yang paling sering disebut Rp5000/liter (""banyak 200 (dua ratus) liter sampai dengan 400 (empat ratus) liter dengan harga Rp.5.000,- (lima ribu rupiah) per lite"")","jumlah barang bukti BBM yang dikutip dari putusan/tuntutan sebelumnya: 3.890,224 liter","Ya","Solar (16)",NA,"PDF putusan","Ada","pdf/117_PID.SUS_2020_PT_PTK.pdf",NA,"PDF lokal"
2023,"2021","PN","Bersalah","Jl. Soekarno Hatta 8a Kelurahan Harjosari Kecamatan Bawen Kabupaten Semarang tepatnya di Gudang Penyaluran BBM BIOSOLAR milik [nama]","Biosolar",82400000,"IDR",16000,"liter","117/PID.Sus/2023/PN Unr","PN UNGARAN","19 September 2023","Jawa Tengah",NA,"teks putusan (bertempat di ...)","amar: terdakwa terbukti bersalah","dihitung: volume 16000 liter x harga beli Rp5150/liter (""olar bersubsidi dari SPBU-SPBU wilayah Kabupaten Semarang tersebut dengan harga Rp. 5.150,-/liter (sesuai harga ketetap"")","angka di uraian perkara (konteks penyitaan didahulukan): ""SUWARTO SUDARSO meminta  dicarikan BBM Bio Solar sejumlah 16.000 (enam belas ribu) liter kepada Terdakwa yang bekerja sebagai ma""","Ya","Biosolar (165); Solar (141); Bensin (jenis tidak disebut) (7); Dexlite (2); Minyak tanah (2); Premium (1)",NA,"PDF putusan","Ada","pdf/117_Pid.Sus_2023_PN_Unr.pdf",NA,"PDF lokal"
2020,"2019","PT","Bersalah","Gudang milik [nama] (alm) di Jalan Pangeran Adi Rt.002/001 Desa Kendawangan Kiri Kec. Kendawangan Kab. Ketapang Kalimantan Barat","Solar",9851170,"IDR",1970.234,"liter","118/PID.SUS/2020/PT PTK",NA,"1 Juli 2020","Kalimantan Barat","Kabupaten Ketapang Kalimantan Barat","teks putusan (bertempat di ...)","menguatkan putusan sebelumnya: ikut putusan sebelumnya; mengikuti putusan sebelumnya yang dikutip (amar: terdakwa terbukti bersalah)","dihitung: volume 1970.234 liter x harga per liter yang paling sering disebut Rp5000/liter (""us) liter sampai dengan 500 (lima ratus) liter menggunakan ken-ken dengan harga Rp.5.000,- (lima ribu rupiah) per lite"")","jumlah barang bukti BBM yang dikutip dari putusan/tuntutan sebelumnya: 1.970,234 liter","Ya","Solar (14)",NA,"PDF putusan","Ada","pdf/118_PID.SUS_2020_PT_PTK.pdf",NA,"PDF lokal"
2020,"2020","PN","Bersalah","sebuah rumah di Guguak Panjang Jorong Bawah Duku Nagari Koto Baru Kecamatan Kubung Kabupaten Solok",NA,NA,NA,NA,NA,"119/Pid.Sus/2020/PN Kbr","PN KOTO BARU","29 September 2020","Sumatera Barat","Kabupaten Solok","teks putusan (bertempat di ...)","amar: terdakwa terbukti bersalah",NA,NA,"Tidak",NA,NA,"PDF putusan","Ada","pdf/119_Pid.Sus_2020_PN_Kbr.pdf",NA,"PDF lokal"
2021,"2020","PT","Bersalah","Jalan Lintas Muara Bulian- Tempino KM.56 RT.06 Desa Kilangan Kec. Muara Bulian Kab. Batanghari","Solar",NA,NA,10100,"liter","11/PID.SUS-LH/2021/PTJMB","PT JAMBI","16 Februari 2021","Jambi","Kabupaten Batanghari","teks putusan (bertempat di ...)","amar: terdakwa terbukti bersalah",NA,"angka di uraian perkara (konteks penyitaan didahulukan): ""entah adalah sebagai berikut: - Tangki kotak baja, volume = 10.100 liter. Sebagaimana diatur dan diancam pidana""","Sebagian (minyak mentah)","Solar (2)",NA,"PDF putusan","Ada","pdf/11_PID.SUS-LH_2021_PT_JMB.pdf",NA,"PDF lokal"
2020,"2018","PT","Bersalah","Dusun Pangkalan Makmur, Desa Sungai Pangkalan II, Kecamatan Sungai Raya, Kabupaten Bengkayang","Solar (subsidi)",4680000,"IDR",720,"liter","11/Pid.Sus/2020/PT.PTK",NA,"29 Januari 2020","Kalimantan Barat","Kabupaten Bengkayang","teks putusan (bertempat di ...)","menguatkan putusan sebelumnya: ikut putusan sebelumnya; mengikuti putusan sebelumnya yang dikutip (amar: terdakwa terbukti bersalah)","dihitung: volume 720 liter x harga beli Rp6500/liter (""gen dan terdakwa [nama] dan terdakwa [nama] membeli solar tersebut dengan harga Rp 6.500,- (enam ribu lima ratus rupia"")","angka di uraian perkara (konteks penyitaan didahulukan): ""24 x 30 liter: 24 (dua puluh empat) jerigen yang berisikan bahan bakar minyak bersubsidi jenis solar dengan berat m""","Ya","Solar (43)",NA,"PDF putusan","Ada","pdf/11_PID.SUS_2020_PT_PTK.pdf",NA,"PDF lokal"
2020,"2019","PN","Bersalah","Gudang milik [nama] di Desa Kendawangan Kiri Kec. Kendawangan Kab. Ketapang Kalimantan Barat","Solar",19451120,"IDR",3890.224,"liter","11/Pid.Sus/2020/PN Ktp","PN KETAPANG","14 Mei 2020","Kalimantan Barat","Kabupaten Ketapang Kalimantan Barat","teks putusan (bertempat di ...)","amar: terdakwa terbukti bersalah","dihitung: volume 3890.224 liter x harga per liter yang paling sering disebut Rp5000/liter (""banyak 200 (dua ratus) liter sampai dengan 400 (empat ratus) liter dengan harga Rp.5.000,- (lima ribu rupiah) per lite"")","jumlah barang bukti BBM di amar: 3.890,224 liter","Ya","Solar (23)",NA,"PDF putusan","Ada","pdf/11_Pid.Sus_2020_PN_Ktp.pdf",NA,"PDF lokal"
2020,NA,"MA","Bersalah","Wilayah hukum PN MEMPAWAH","Solar (non-subsidi)",5538940,"IDR",1007.08,"liter","1214 K/Pid.Sus/2020","MAHKAMAH AGUNG","16 Juni 2020","Kalimantan Barat",NA,"lokasi pengadilan (tempat kejadian tidak terbaca)","kasasi/PK terdakwa ditolak: pemidanaan tetap berlaku","dihitung: volume 1007.08 liter x harga beli Rp5500/liter (""oleh minyak jenis solar tersebut dengan cara membeli dari kapal Tugboat seharga Rp5.500,00 (lima ribu lima ratus rupiah)"")","jumlah barang bukti BBM yang dikutip dari putusan/tuntutan sebelumnya: 1.007,08 liter","Ya","Solar (9)",NA,"PDF putusan","Ada","pdf/1214 K_Pid.Sus_2020.pdf",NA,"PDF lokal"
2021,"2020","PT","Bersalah","SPBU Jamil Idris Desa Kemili Kec. Bebesen Kab. Aceh Tengah","Premium (subsidi)",778050,"IDR",117,"liter","121/PID/LH/2021/PT.BNA",NA,"26 April 2021","Aceh","Kabupaten Aceh Tengah","teks putusan (bertempat di ...)","amar: terdakwa terbukti bersalah","dihitung: volume 117 liter x harga beli Rp6650/liter (""ireskrimsus Polda Aceh bahan bakar minyak jenis premium tersebut dibeli seharga Rp. 6.650,- (enam ribu enam ratus lima"")","jumlah barang bukti BBM di amar: 117 liter","Ya","Premium (12); Pertalite (1); Pertamax (1)",NA,"PDF putusan","Ada","pdf/121_PID_LH_2021_PT_BNA.pdf",NA,"PDF lokal"
2023,"2022",NA,"Bersalah","rumahnya di Desa Timuato, Kecamatan Telaga Biru, Kabupaten Gorontalo, Terdakwa telah melakukan kegiatan menampung dan menjual bahan bakar minyak jenis Biosolar bersubsidi kepada masyarakat dengan meng","Solar/Biosolar (subsidi)",180250,"IDR",35,"liter",NA,NA,"13 September 2023","Gorontalo","Kabupaten Gorontalo","teks putusan (bertempat di ...)","kasasi penuntut umum ditolak: ikut putusan sebelumnya; mengikuti putusan sebelumnya yang dikutip (amar: menjatuhkan pidana)","dihitung: volume 35 liter x harga beli Rp5150/liter (""Biosolar; - Bahwa Terdakwa membeli BBM jenis/solar di SPBU Timuato dengan harga Rp5.150,00 (lima ribu seratus lima puluh"")","angka di uraian perkara (konteks penyitaan didahulukan): ""T. Pindo Transec; - 83 (delapan puluh tiga) galon berukurdn 35 (tiga puluh lima) liter berisi BBM jenis solar; - 2 (dua) galon""","Ya","Solar (11); Biosolar (5)",NA,"PDF putusan","Ada","pdf/123_Pid.Sus_2022_PN_Lbo.pdf",NA,"PDF lokal"
2020,"2019","PN","Bersalah","areal SPBU Pertamina Desa Togola Wayoli Kec. Ibu Kab. Halmahera Barat","Pertalite (subsidi); Premium (subsidi)",4875000,"IDR",500,"liter","125/Pid.Sus/2020/PN Tte","PN TERNATE","9 Juli 2020","Maluku Utara","Kabupaten Halmahera Barat","teks putusan (bertempat di ...)","amar: menjatuhkan pidana","hasil lelang/penjualan barang bukti BBM: ""lisi DW 8958 BP. Dikembalikan kepada terdakwa • Uang tunai hasil lelang sebesar Rp. 4.875.000.,- (empat juta delapan ratu s""","angka di uraian perkara (konteks penyitaan didahulukan): ""yak 500 (lima ratus) liter dan BBM jenis Pertalite sebanyak 500 (lima ratus) liter yang dibeli oleh Terdakwa dan kemudian""","Ya","Pertalite (46); Premium (41); Bensin (jenis tidak disebut) (36); Solar (1)",NA,"PDF putusan","Ada","pdf/125_Pid.B_LH_2020_PN Tte.pdf",NA,"PDF lokal"
2024,NA,"MA","Bersalah","Wilayah hukum PN LIMBOTO","Solar",NA,NA,NA,NA,"1272 PK/Pid.Sus/2024","MAHKAMAH AGUNG","6 September 2024","Gorontalo",NA,"lokasi pengadilan (tempat kejadian tidak terbaca)","kasasi/PK terdakwa ditolak: pemidanaan tetap berlaku",NA,NA,"Ya","Solar (9)",NA,"PDF putusan","Ada","pdf/1272_PK_Pid.Sus_2024.pdf",NA,"PDF lokal"
2020,"2019","PT","Bersalah","Perairan Tanjung Solok – Kampung Laut Kecamatan Kuala Jambi Kabupaten Tanjung Jabung Timur","Solar/Biosolar (subsidi)",NA,NA,6000,"liter","128/PID.SUS/2019/PT.JMB","PT JAMBI","22 Januari 2020","Jambi","Kabupaten Tanjung Jabung Timur","teks putusan (bertempat di ...)","menguatkan putusan sebelumnya: ikut putusan sebelumnya; mengikuti putusan sebelumnya yang dikutip (amar: terdakwa terbukti bersalah)",NA,"angka di uraian perkara (konteks penyitaan didahulukan): ""rsebut memuat bahan bakar minyak jenis bio solar sebanyak ± 6000 liter yang dimuat didalam 5 (lima) buah baby""","Ya","Solar (14); Biosolar (8)",NA,"PDF putusan","Ada","pdf/128_PID.SUS_2019_PT_JMB.pdf",NA,"PDF lokal"
2020,"2019","PT","Bersalah","Perairan Tanjung Solok – Kampung Laut Kecamatan Kuala Jambi Kabupaten Tanjung Jabung Timur","Solar",NA,NA,6000,"liter","129/PID.SUS/2019/PTJMB","PT JAMBI","22 Januari 2020","Jambi","Kabupaten Tanjung Jabung Timur","teks putusan (bertempat di ...)","amar: terdakwa terbukti bersalah",NA,"angka di uraian perkara (konteks penyitaan didahulukan): ""rsebut memuat bahan bakar minyak jenis bio solar sebanyak ± 6000 liter yang dimuat didalam 5 (lima) buah baby""","Ya","Solar (18); Biosolar (4)",NA,"PDF putusan","Ada","pdf/129_PID.SUS_2019_PT_JMB.pdf",NA,"PDF lokal"
2023,NA,"PT",NA,"Wilayah hukum PN JAMBI","Solar",NA,NA,200,"liter","12/PID.SUS-LH/2023/PT JMB","PT JAMBI","3 Februari 2023","Jambi",NA,"lokasi pengadilan (tempat kejadian tidak terbaca)","menguatkan putusan sebelumnya: ikut putusan sebelumnya",NA,"angka di uraian perkara (konteks penyitaan didahulukan): ""kotak terbuat dari besi dengan kondisi sudah terbakar; 6) ± 200 liter Bahan Bakar Minyak jenis Solar; 7) 31 (""","Ya","Solar (55)",NA,"PDF putusan","Ada","pdf/12_PID.SUS-LH_2023_PT_JMB.pdf",NA,"PDF lokal"
2020,"2019","PN","Bersalah","Gudang milik [nama] (alm) di Jalan Pangeran Adi Rt.002/001 Desa Kendawangan Kiri Kec. Kendawangan Kab. Ketapang Kalimantan Barat","Solar",9851170,"IDR",1970.234,"liter","12/Pid.Sus/2020/PN Ktp","PN KETAPANG","14 Mei 2020","Kalimantan Barat","Kabupaten Ketapang Kalimantan Barat","teks putusan (bertempat di ...)","amar: terdakwa terbukti bersalah","dihitung: volume 1970.234 liter x harga per liter yang paling sering disebut Rp5000/liter (""us) liter sampai dengan 500 (lima ratus) liter menggunakan ken-ken dengan harga Rp.5.000,- (lima ribu rupiah) per lite"")","jumlah barang bukti BBM di amar: 1.970,234 liter","Ya","Solar (23)",NA,"PDF putusan","Ada","pdf/12_Pid.Sus_2020_PN_Ktp.pdf",NA,"PDF lokal"
2024,"2023","MA","Bersalah","Wilayah hukum PN REMBANG","Solar (non-subsidi)",80000000,"IDR",10000,"liter","1304 K/Pid.Sus/2024","MAHKAMAH AGUNG","16 Februari 2024","Jawa Tengah",NA,"lokasi pengadilan (tempat kejadian tidak terbaca)","kasasi penuntut umum ditolak: ikut putusan sebelumnya; mengikuti putusan sebelumnya yang dikutip (amar: terdakwa terbukti bersalah)","dihitung: volume 10000 liter x harga beli Rp8000/liter ("") liter Terdakwa beli BBM jenis Solar Subsidi dari Pandoli dengan harga sebesar Rp8.000,00 (delapan ribu rupiah)/liter y"")","angka di uraian perkara (konteks penyitaan didahulukan): ""atkan BBM jenis Solar tersebut dengan cara membeli sebanyak 10.000 (sepuluh ribu) liter BBM jenis Solar non subsidi dari PT. RI""","Ya","Solar (15); Biosolar (3)",NA,"PDF putusan","Ada","pdf/1304_K_Pid.Sus_2024.pdf",NA,"PDF lokal"
2020,"2020","PT","Bersalah","Jalan Basuki Rahmat, RT. 009, Kelurahan Hikun, Kecamatan Tanjung, Kabupaten Tabalong, Propinsi Kalimantan Selatan","Premium",9075000,"IDR",1100,"liter","130/PID.SUS/2020/PT BJM","PT BANJARMASIN","1 September 2020","Kalimantan Selatan","Kabupaten Tabalong","teks putusan (bertempat di ...)","amar: terdakwa terbukti bersalah","dihitung: volume 1100 liter x harga per liter yang paling sering disebut Rp8250/liter (""un, pada hari Kamis tanggal 26 Maret 2020 sekitar pukul 23.55 WITA dengan harga Rp. 8.250,- (delapan ribu duaratus lima"")","jumlah barang bukti BBM di amar: 1.100 liter","Ya","Premium (21)",NA,"PDF putusan","Ada","pdf/130_PID.SUS_2020_PT_BJM.pdf",NA,"PDF lokal"
2020,"2020","PT","Bersalah","Wilayah hukum PN MARTAPURA","Solar",240000,"IDR",420,"liter","139/PID.SUS/2020/PT BJM",NA,"8 September 2020","Kalimantan Selatan",NA,"lokasi pengadilan (tempat kejadian tidak terbaca)","amar: terdakwa terbukti bersalah","nilai transaksi BBM disebut putusan: ""ir jalan dan pelangsir solar yang datang ke rumah terdakwa dengan harga sebesar Rp240.000,- (dua ratus empat puluh ribu""","jumlah barang bukti BBM di amar: 420 liter","Ya","Solar (29)",NA,"PDF putusan","Ada","pdf/139_PID.SUS_2020_PT_BJM.pdf",NA,"PDF lokal"
2020,"2018","PT","Bersalah","di Jorong Simpang Ampek Nagari Abai Kecamatanamatan Sangir Batang Hari Kabupatenupaten Solok Selatan","Solar/Biosolar (subsidi)",200000,"IDR",900,"liter","139/PID.SUS/2020/PT PDG","PT PADANG","8 Juli 2020","Sumatera Barat",NA,"teks putusan (bertempat di ...)","menguatkan putusan sebelumnya: ikut putusan sebelumnya; mengikuti putusan sebelumnya yang dikutip (amar: terdakwa terbukti bersalah)","nilai transaksi BBM disebut putusan: ""BBM Jenis Bio Solar oleh saksi [nama] satu jerigen isi 30 liter adalah seharga Rp. 200.000,- (dua ratus ribu rupiah); -""","angka di uraian perkara (konteks penyitaan didahulukan): ""Bahan Bakar Minyak jenis Biosolar sebanyak 30 Jerigen atau 900 (sembilan ratus) liter, atas permintaan tersebut Saksi [nama]""","Ya","Biosolar (38); Solar (29)",NA,"PDF putusan","Ada","pdf/139_PID.SUS_2020_PT_PDG.pdf",NA,"PDF lokal"
2020,"2019","PT","Bersalah","Sumur Minyak MJ-74 Desa Beruge Kecamatan Babat Toman Kabupaten Musi Banyuasin",NA,NA,NA,NA,NA,"13 /PID.LH/2020/PT PLG","PT PALEMBANG","4 Februari 2020","Sumatera Selatan","Kabupaten Musi Banyuasin","teks putusan (bertempat di ...)","amar: terdakwa terbukti bersalah",NA,NA,"Sebagian (minyak mentah)",NA,NA,"PDF putusan","Ada","pdf/13_PID.LH_2020_PT_PLG.pdf",NA,"PDF lokal"
2020,"2018","PT","Bersalah","di Rumah Terdakwa Jorong Simpang Ampek Nagari Abai Kecamatan Sangir Batang Hari Kabupaten Solok Selatan","Solar/Biosolar (subsidi)",420000,"IDR",900,"liter","140/PID.SUS/2020/PT PDG","PT PADANG","1 Juli 2020","Sumatera Barat","Kabupaten Solok Selatan","teks putusan (bertempat di ...)","menguatkan putusan sebelumnya: ikut putusan sebelumnya; mengikuti putusan sebelumnya yang dikutip (amar: terdakwa terbukti bersalah)","nilai transaksi BBM disebut putusan: ""etengan termasuk BBM jenis Bio Solar dengan harga pergalon isi 30 liter seharga Rp. 420.000 (empat ratus dua puluh ribu r""","angka di uraian perkara (konteks penyitaan didahulukan): ""eli Bahan Bakar Minyak jenis Solar sebanyak 30 Jerigen atau 900 (sembilan ratus) liter, atas permintaan tersebut Saksi [nama]""","Ya","Solar (67); Biosolar (37)",NA,"PDF putusan","Ada","pdf/140_PID.SUS_2020_PT_PDG.pdf",NA,"PDF lokal"
2023,NA,"MA","Tidak bersalah","Wilayah hukum PN KOBA",NA,NA,NA,NA,NA,"1443 K/Pid.Sus/2023","MAHKAMAH AGUNG","30 Mei 2023","Kepulauan Bangka Belitung",NA,"lokasi pengadilan (tempat kejadian tidak terbaca)","kasasi penuntut umum ditolak: ikut putusan sebelumnya; mengikuti putusan sebelumnya yang dikutip (amar: terdakwa dibebaskan (vrijspraak))",NA,NA,"Tidak",NA,NA,"PDF putusan","Ada","pdf/1443_K_Pid.Sus_2023.pdf",NA,"PDF lokal"
2020,"2020","PN","Bersalah","lokasi tambang Gogoroko desa Nolu Kec","Bensin (jenis tidak disebut)",NA,NA,NA,NA,"152/Pid.B/LH/2020/PN Tte","PN TERNATE","17 September 2020","Maluku Utara",NA,"teks putusan (bertempat di ...)","amar: terdakwa terbukti bersalah",NA,NA,"Perlu dicek (sebutan BBM sedikit)","Bensin (jenis tidak disebut) (1)",NA,"PDF putusan","Ada","pdf/152_Pid.B_LH_2020_PN Tte.pdf",NA,"PDF lokal"
2020,"2020","PN","Bersalah","lokasi tambang emas Gogoroko, Desa Nolu, Kec. Loloda, Kab. Halmahera Barat",NA,NA,NA,NA,NA,"153/Pid.B/LH/2020/PN Tte","PN TERNATE","17 September 2020","Maluku Utara","Kabupaten Halmahera Barat","teks putusan (bertempat di ...)","amar: terdakwa terbukti bersalah",NA,NA,"Tidak",NA,NA,"PDF putusan","Ada","pdf/153_Pid.B_LH_2020_PN Tte.pdf",NA,"PDF lokal"
2020,"2018","PN","Bersalah","Dusun Pangkalan Makmur, Desa Sungai Pangkalan II, Kecamatan Sungai Raya, Kabupaten Bengkayang","Solar (subsidi)",4680000,"IDR",720,"liter","154/Pid.Sus/2019/PN Bek","PN BENGKAYANG","8 Januari 2020","Kalimantan Barat","Kabupaten Bengkayang","teks putusan (bertempat di ...)","amar: terdakwa terbukti bersalah","dihitung: volume 720 liter x harga beli Rp6500/liter (""gen dan terdakwa [nama] dan terdakwa [nama] membeli solar tersebut dengan harga Rp 6.500,- (enam ribu lima ratus rupia"")","angka di uraian perkara (konteks penyitaan didahulukan): ""24 x 30 liter: 24 (dua puluh empat) jerigen yang berisikan bahan bakar minyak bersubsidi jenis solar dengan berat m""","Ya","Solar (88); Minyak tanah (2)",NA,"PDF putusan","Ada","pdf/154_Pid.Sus_2019_PN_Bek.pdf",NA,"PDF lokal"
2024,"2024","PN","Bersalah","Kampung Rawabango Rt 03/15 Desa Kanoman Kecamatan Cibeber Kabupaten Cianjur","BBM (jenis tidak disebut)",NA,NA,NA,NA,"186/Pid.Sus/2024/PN Cjr","PN CIANJUR","11 Juli 2024","Jawa Barat","Kabupaten Cianjur","teks putusan (bertempat di ...)","amar: menjatuhkan pidana",NA,NA,"Tidak (LPG/gas)",NA,NA,"PDF putusan","Ada","pdf/186_Pid.Sus_2024_PN_Cjr_(e-Berpadu).pdf",NA,"PDF lokal"
2021,"2020","PN","Bersalah","Jl. KH Dewantara Kel. Melak Ulu Kec. Melak Kab. Kutai Barat","Pertalite",1320000,"IDR",200,"liter","195/Pid.Sus/2020/PN Sdw","PN KUTAI BARAT","8 Februari 2021","Kalimantan Timur","Kabupaten Kutai Barat","teks putusan (bertempat di ...)","amar: terdakwa terbukti bersalah","dihitung: volume 200 liter x harga beli Rp6600/liter (""jenis Bensin (Premium) tersebut dari SPBU MINI PT. HARKAT BERSAMA dengan harga Rp. 6.600,- (enam ribu enam ratus rupia"")","angka di uraian perkara (konteks penyitaan didahulukan): ""legal oil, ditemukan bahan bakar jenis pertalite sebanyak + 200 liter, yang berada didalam 10 buah jerigen pl""","Ya","Pertalite (85); Bensin (jenis tidak disebut) (22); Premium (21); Solar (9); Minyak tanah (2); Minyak bakar/MFO (2); Avtur (1)",NA,"PDF putusan","Ada","pdf/195_Pid.Sus_2020_PN_Sdw.pdf",NA,"PDF lokal"
2023,"2022","PT","Bersalah","Desa Timulato Kec. Telaga Biru Kab. Gorontalo","Solar",927000,"IDR",180,"liter","21/PID.SUS/2023/PT GTO",NA,"13 April 2023","Gorontalo","Kabupaten Gorontalo","teks putusan (bertempat di ...)","amar: terdakwa terbukti bersalah","dihitung: volume 180 liter x harga beli Rp5150/liter ("") liter dalam sekali mengantri. Selanjutnya BBM yang Terdakwa beli dengan harga Rp.5.150,- (lima ribu seratus lima pul"")","angka di uraian perkara (konteks penyitaan didahulukan): ""hingga Terdakwa dapat membeli/memperoleh BBM solar sebanyak 180 (seratus delapan puluh) liter dalam sekali mengantri. Selanjutnya BBM""","Ya","Solar (23); Biosolar (5); Bensin (jenis tidak disebut) (1)",NA,"PDF putusan","Ada","pdf/21_PID.SUS_2023_PT_GTO.pdf",NA,"PDF lokal"
2020,"2019","PT","Bersalah","Wilayah hukum PN PAYAKUMBUH","Premium",750000,"IDR",NA,NA,"220/PID.SUS/2020/PT PDG",NA,"15 Oktober 2020","Sumatera Barat",NA,"lokasi pengadilan (tempat kejadian tidak terbaca)","amar: terdakwa terbukti bersalah","nilai transaksi BBM disebut putusan: ""membeli bahan bakar minyak jenis premium di SPBU tersebut dengan harga sebesar Rp 750.000,- (tujuh ratus lima puluh rib""",NA,"Ya","Premium (37)",NA,"PDF putusan","Ada","pdf/220_PID.SUS_2020_PT_PDG.pdf",NA,"PDF lokal"
2021,"2019","PN","Tidak bersalah","Ds. Kebun Dadap Barat Kec. Saronggi Kab. Sumenep","Solar (non-subsidi)",6000000,"IDR",600,"liter","220/Pid.Sus/2020/PN Smp","PN SUMENEP","17 Februari 2021","Jawa Timur","Kabupaten Sumenep","teks putusan (bertempat di ...)","amar: terdakwa dilepaskan dari segala tuntutan hukum (onslag)","dihitung: volume 600 liter x harga beli Rp10000/liter (""ri Bangkit Jaya; - Bahwa harga solar yang dibeli oleh PT. Garam per liter yaitu Rp 10.000,- (sepuluh ribu rupiah), term"")","jumlah barang bukti BBM di amar: 600 liter","Ya","Solar (135); Bensin (jenis tidak disebut) (1)",NA,"PDF putusan","Ada","pdf/220_Pid.Sus_2020_PN_Smp.pdf",NA,"PDF lokal"
2020,"2019","PT","Bersalah","rumah Terdakwa di Komplek Perumahan Mawar Putih depan blok M Rt 02 Rw. 06 Kelurahan Korong Gadang Kecamatan Kuranji Kota Padang","BBM (jenis tidak disebut)",NA,NA,NA,NA,"231/PID.SUS/2019/PT PDG","PT PADANG","8 Januari 2020","Sumatera Barat","Kota Padang","teks putusan (bertempat di ...)","menguatkan putusan sebelumnya: ikut putusan sebelumnya; mengikuti putusan sebelumnya yang dikutip (amar: terdakwa terbukti bersalah)",NA,NA,"Tidak (LPG/gas)",NA,NA,"PDF putusan","Ada","pdf/231_PID.SUS_2019_PT_PDG.pdf",NA,"PDF lokal"
2021,"2020","PN","Bersalah","SPBU 64.70601 di Jalan A. Yani Km. 36 Kecamatan Martapura Kabupaten Banjar","Premium",10902500,"IDR",2450,"liter","231/Pid.Sus/2020/PN.Mtp","PN MARTAPURA","6 Januari 2021","Kalimantan Selatan","Kabupaten Banjar","teks putusan (bertempat di ...)","amar: terdakwa terbukti bersalah","dihitung: volume 2450 liter x harga beli Rp4450/liter (""is bensin/Premium tersebut dari - Terdakwa yang merupakan operator SPBU seharga Rp. 4.450,00 (empat ribu empat ratus lima"")","jumlah barang bukti BBM di amar: 2.450 liter","Ya","Premium (180); Bensin (jenis tidak disebut) (87); Pertamax (1)",NA,"PDF putusan","Ada","pdf/231_Pid.Sus_2020_PN_Mtp.pdf",NA,"PDF lokal"
2022,NA,"MA","Bersalah","Wilayah hukum PN TAKENGON","Premium",NA,NA,117,"liter","249 K/Pid.Sus-LH/2022","MAHKAMAH AGUNG","16 Februari 2022","Aceh",NA,"lokasi pengadilan (tempat kejadian tidak terbaca)","kasasi/PK terdakwa ditolak: pemidanaan tetap berlaku",NA,"jumlah barang bukti BBM yang dikutip dari putusan/tuntutan sebelumnya: 117 liter","Ya","Premium (4)",NA,"PDF putusan","Ada","pdf/249_K_Pid.Sus-LH_2022.pdf",NA,"PDF lokal"
2021,"2020","PT","Bersalah","Desa Segaran, Kec. Tiris, Kabupaten Probolinggo","Premium (subsidi)",468000,"IDR",60,"liter","251/PID.SUS-LH/2021/PT SBY",NA,"5 April 2021","Jawa Timur","Kabupaten Probolinggo","teks putusan (bertempat di ...)","menguatkan putusan sebelumnya: ikut putusan sebelumnya; mengikuti putusan sebelumnya yang dikutip (amar: terdakwa terbukti bersalah)","dihitung: volume 60 liter x harga per liter yang paling sering disebut Rp7800/liter (""enjual Bahan Bakar Minyak (BBM) hasil pencampuran atau pengoplosan dengan harga Rp. 7800,- (tujuh ribu delapan ratus r"")","angka di uraian perkara (konteks penyitaan didahulukan): ""at atau tinner ; Dimusnahkan ; - 4 (empat) Buah drum berisi 60 liter BBM jenis premium asli ; Dirampas Untuk""","Ya","Premium (45); Bensin (jenis tidak disebut) (2)",NA,"PDF putusan","Ada","pdf/251_PID.SUS-LH_2021_PT_SBY.pdf",NA,"PDF lokal"
2023,NA,"MA","Bersalah","Wilayah hukum PN KOTABARU","Solar",NA,NA,NA,NA,"2530 K/Pid.Sus/2023","MAHKAMAH AGUNG","2 Agustus 2023","Kalimantan Selatan",NA,"lokasi pengadilan (tempat kejadian tidak terbaca)","kasasi/PK terdakwa ditolak: pemidanaan tetap berlaku",NA,NA,"Ya","Solar (7); Biosolar (1)",NA,"PDF putusan","Ada","pdf/2530_K_Pid.Sus_2023.pdf",NA,"PDF lokal"
2021,NA,"MA","Bersalah","Wilayah hukum PN DUMAI","Solar",NA,NA,46000,"liter","2536 K/Pid.Sus/2021","MAHKAMAH AGUNG","1 September 2021","Riau",NA,"lokasi pengadilan (tempat kejadian tidak terbaca)","kasasi/PK terdakwa ditolak: pemidanaan tetap berlaku",NA,"jumlah barang bukti BBM yang dikutip dari putusan/tuntutan sebelumnya: 46.000 liter","Ya","Solar (7); Minyak tanah (1)",NA,"PDF putusan","Ada","pdf/2536 K_Pid.Sus_2021.pdf",NA,"PDF lokal"
2020,"2020","PT","Bersalah","sebuah rumah di Guguak Panjang Jorong Bawah Duku Nagari Koto Baru Kecamatan Kubung Kabupaten Solok",NA,NA,NA,NA,NA,"257/PID.SUS/2020/PT PDG",NA,"25 November 2020","Sumatera Barat","Kabupaten Solok","teks putusan (bertempat di ...)","menguatkan putusan sebelumnya: ikut putusan sebelumnya; mengikuti putusan sebelumnya yang dikutip (amar: terdakwa terbukti bersalah)",NA,NA,"Tidak",NA,NA,"PDF putusan","Ada","pdf/257_PID.SUS_2020_PT_PDG.pdf",NA,"PDF lokal"
2022,NA,"MA","Bersalah","Wilayah hukum PN TANJUNG","Premium",NA,NA,1100,"liter","25 K/Pid.Sus/2022","MAHKAMAH AGUNG","8 Februari 2022","Kalimantan Selatan",NA,"lokasi pengadilan (tempat kejadian tidak terbaca)","kasasi/PK terdakwa ditolak: pemidanaan tetap berlaku",NA,"jumlah barang bukti BBM yang dikutip dari putusan/tuntutan sebelumnya: 1.100 liter","Ya","Premium (3)",NA,"PDF putusan","Ada","pdf/25_K_Pid.Sus_2022.pdf",NA,"PDF lokal"
2023,"2022","PT","Bersalah","Jl.Lingkar turut tanah Kelurahan Beran, Kec. Blora, Kab. Blora","Solar",158400000,"IDR",24000,"liter","262/PID.SUS/2023/PT SMG","PT SEMARANG","29 Mei 2023","Jawa Tengah","Kabupaten Blora","teks putusan (bertempat di ...)","amar: terdakwa terbukti bersalah","dihitung: volume 24000 liter x harga beli Rp6600/liter (""ump truck dari tangki (kencing) yang berasal dari SPBU dengan harga Perliternya Rp.6.600,- (enam ribu enam ratus rupia"")","jumlah barang bukti BBM di amar: 24.000 liter","Ya","Solar (121); Minyak tanah (4); Bensin (jenis tidak disebut) (4); Minyak bakar/MFO (3); Avtur (1)",NA,"PDF putusan","Ada","pdf/262_PID.SUS_2023_PT_SMG.pdf",NA,"PDF lokal"
2020,"2019","PN","Bersalah","Desa Pulau Sari Rt.03 / 01 Kecamatan Tambang Ulang Kabupaten Tan ah Laut","Solar (subsidi)",473800,"IDR",92,"liter","266/Pid.Sus/2019/PN.Pli","PN PELAIHARI","5 Februari 2020","Kalimantan Selatan","Kabupaten Tan ah Laut","teks putusan (bertempat di ...)","amar: terdakwa terbukti bersalah","dihitung: volume 92 liter x harga beli Rp5150/liter (""ter dalam tangki mobil, terdakwa membeli di SPBU Pulausari dengan harga sebesar Rp.5.150,- per liter dan harga seluruh"")","jumlah barang bukti BBM di amar: 92 liter","Ya","Solar (55)",NA,"PDF putusan","Ada","pdf/266_Pid.Sus_2019_PN Pli.pdf",NA,"PDF lokal"
2020,"2019","PN","Bersalah","sebuah rumah/warung di Desa Alur, RT. 001, Kecamatan Jorong, Kabupaten Tanah","Solar",7000000,"IDR",1000,"liter","27/Pid.Sus/2020/PN Pli","PN PELAIHARI","26 Februari 2020","Kalimantan Selatan","Kabupaten Tanah","teks putusan (bertempat di ...)","amar: terdakwa terbukti bersalah","dihitung: volume 1000 liter x harga beli Rp7000/liter (""gan cara membeli dari para sopir truck yang membawa BBM jenis bio solar seharga Rp.7.000,00 (tujuh ribu Rupiah) per liter"")","jumlah barang bukti BBM di amar: 1.000 liter","Ya","Solar (44); Biosolar (12)",NA,"PDF putusan","Ada","pdf/27_Pid.Sus_2020_PN Pli.pdf",NA,"PDF lokal"
2020,"2018-2019","PN","Bersalah","Jalan Berangas Timur Desa Berangas Timur – Kecamatan Alalak Kabupaten Barito Kuala","Solar/Biosolar (subsidi)",124025000,"IDR",20500,"liter","28/Pid.Sus/2020/PN Mrh","PN MARABAHAN","4 Mei 2020","Kalimantan Selatan","Kabupaten Barito Kuala","teks putusan (bertempat di ...)","amar: terdakwa terbukti bersalah","dihitung: volume 20500 liter x harga per liter yang paling sering disebut Rp6050/liter (""rintah) kepada Gudang PT. AZEBA SUGIH ENERGI (PT.ASE) milik [nama] dengan harga Rp. 6.050 (enam ribu lima puluh rupiah)"")","angka di uraian perkara (konteks penyitaan didahulukan): ""ngan total Volume Bahan Bakar Minyak Jen is Solar sebesar ± 20.500 Liter; Bahwa proses pengambilan atau pengisia""","Ya","Solar (56); Biosolar (53); Minyak tanah (3); Premium (1); Bensin (jenis tidak disebut) (1)",NA,"PDF putusan","Ada","pdf/28_Pid.Sus_2020_PN Mrh.pdf",NA,"PDF lokal"
2020,NA,"MA","Bersalah","Wilayah hukum PN JAYAPURA","Solar",NA,NA,31705,"liter","30 K/Pid.Sus-LH/2020","MAHKAMAH AGUNG","13 Februari 2020","Papua",NA,"lokasi pengadilan (tempat kejadian tidak terbaca)","kasasi penuntut umum ditolak: ikut putusan sebelumnya; mengikuti putusan sebelumnya yang dikutip (amar: terdakwa terbukti bersalah)",NA,"angka di uraian perkara (konteks penyitaan didahulukan): ""dua) bulan kurungan; 3. Menyatakan barang bukti berupa : 1) 31.705 (tiga puluh satu ribu tujuh ratus lima) liter bahan bakar minyak jenis solar di tangk""","Ya","Solar (9)",NA,"PDF putusan","Ada","pdf/30 K_Pid.Sus-LH_2020.pdf",NA,"PDF lokal"
2023,"2023","PT","Bersalah","Dusun Barat Gampong Uram Jalan Kecamatan Geuredong Pasee Kabupaten Aceh Utara","BBM (jenis tidak disebut)",450000,"IDR",210,"liter","300/PID.SUS-LH/2023/PT.BNA","PT BANDA ACEH","31 Agustus 2023","Aceh","Kabupaten Aceh Utara","teks putusan (bertempat di ...)","menguatkan putusan sebelumnya: ikut putusan sebelumnya; mengikuti putusan sebelumnya yang dikutip (amar: menjatuhkan pidana)","nilai transaksi BBM disebut putusan: ""kwa menjual bahan bakar minyak mentah hasil dari sumur bor milik [nama] sebesar Rp.450.000,- (empat ratus lima puluh rib""","angka di uraian perkara (konteks penyitaan didahulukan): ""s empat puluh) liter salah satu titik lainnya atau sebanyak 210 (dua ratus sepuluh) liter jika dijumlahkan. - Bahwa terdakwa menj""","Sebagian (minyak mentah)",NA,NA,"PDF putusan","Ada","pdf/300_PID.SUS-LH_2023_PT_BNA.pdf",NA,"PDF lokal"
2023,"2022","MA","Bersalah","Wilayah hukum PN SIBOLGA","Solar",NA,NA,60000,"liter","3221 K/Pid.Sus/2023","MAHKAMAH AGUNG","9 Agustus 2023","Sumatera Utara",NA,"lokasi pengadilan (tempat kejadian tidak terbaca)","amar: terdakwa terbukti bersalah",NA,"jumlah barang bukti BBM di amar: 60.000 liter","Ya","Solar (24)",NA,"PDF putusan","Ada","pdf/3221_K_Pid.Sus_2023.pdf",NA,"PDF lokal"
2020,"2020","PN","Bersalah","gudang pengolahan bahan bakar minyak mentah milik [nama] di Jl. Mataram RT.010 Desa Kayu Kapur Kec. Bukit Kapur Kota Madya Dumai Propinsi Riau","Solar",49000000,"IDR",14000,"liter","326/Pid.Sus/2020/PN Dum","PN DUMAI","10 November 2020","Riau","Kota Madya Dumai Propinsi Riau","teks putusan (bertempat di ...)","amar: terdakwa terbukti bersalah","dihitung: volume 14000 liter x harga per liter yang paling sering disebut Rp3500/liter (""Kembali; - Bahwa bahan bakar minyak jenis solar tersebut dijual kembali seharga Rp 3.500,00 (tiga ribu lima ratus ribu ru"")","jumlah barang bukti BBM di amar: 14.000 liter","Ya","Solar (95); Minyak bakar/MFO (7); Avtur (3); Bensin (jenis tidak disebut) (3); Minyak tanah (2)",NA,"PDF putusan","Ada","pdf/326_Pid.Sus_2020_PN_Dum.pdf",NA,"PDF lokal"
2020,"2019","PT","Bersalah","halaman rumah terdakwa yang beralamat di Desa Uteun Sikumbong Kecamatan Peulimbang Kabupaten Bireuen","Premium",258000,"IDR",40,"liter","330/PID/2019/PT.BNA","PT BANDA ACEH","6 Januari 2020","Aceh","Kabupaten Bireuen","teks putusan (bertempat di ...)","amar: terdakwa terbukti bersalah","dihitung: volume 40 liter x harga per liter yang paling sering disebut Rp6450/liter (""Jln Medan–B. Aceh Desa Sawang Kecamatan Peudada Kabupaten Bireuen dengan harga Rp. 6.450,- (enam ribu empat ratus lima"")","jumlah barang bukti BBM di amar: 40 liter","Ya","Premium (9)",NA,"PDF putusan","Ada","pdf/330_PID_2019_PT_BNA.pdf",NA,"PDF lokal"
2021,NA,"MA","Bersalah","Wilayah hukum PN JAMBI",NA,NA,NA,NA,NA,"3457 K/Pid.Sus-LH/2021","MAHKAMAH AGUNG","10 November 2021","Jambi",NA,"lokasi pengadilan (tempat kejadian tidak terbaca)","kasasi/PK terdakwa ditolak: pemidanaan tetap berlaku",NA,NA,"Sebagian (minyak mentah)",NA,NA,"PDF putusan","Ada","pdf/3457 K_Pid.Sus-LH_2021.pdf",NA,"PDF lokal"
2021,"2020","PN","Bersalah","Jalan A. Yani Kel. Nanga Bulik Kec. Bulik Kabupaten Lamandau","Minyak tanah",5520000,"IDR",600,"liter","34/Pid.Sus/2021/PN Ngb","PN NANGA BULIK","22 Juni 2021","Kalimantan Tengah","Kabupaten Lamandau","teks putusan (bertempat di ...)","amar: terdakwa terbukti bersalah","dihitung: volume 600 liter x harga per liter yang paling sering disebut Rp9200/liter (""an harga Rp 46.000.000,- (Empat Puluh Enam Juta Rupiah), dengan harga per liter Rp 9.200,- (Sembilan Ribu Dua Ratus Ru"")","jumlah barang bukti BBM di amar: 600 liter","Ya","Minyak tanah (94); Avtur (4)",NA,"PDF putusan","Ada","pdf/34_Pid.Sus_2021_PN Ngb.pdf",NA,"PDF lokal"
2023,NA,"MA","Bersalah","Wilayah hukum PN PANGKALAN BALAI","Solar (subsidi)",NA,NA,NA,NA,"3773 K/Pid.Sus.LH/2023","MAHKAMAH AGUNG","9 Agustus 2023","Sumatera Selatan",NA,"lokasi pengadilan (tempat kejadian tidak terbaca)","kasasi penuntut umum ditolak: ikut putusan sebelumnya; mengikuti putusan sebelumnya yang dikutip (amar: terdakwa terbukti bersalah)",NA,NA,"Ya","Solar (20)",NA,"PDF putusan","Ada","pdf/3773_K_Pid.Sus.LH_2023.pdf",NA,"PDF lokal"
2022,NA,"MA","Bersalah","Wilayah hukum PN KUTAI BARAT","Pertalite",NA,NA,NA,NA,"3923 K/Pid.Sus/2022","MAHKAMAH AGUNG","1 September 2022","Kalimantan Timur",NA,"lokasi pengadilan (tempat kejadian tidak terbaca)","kasasi penuntut umum ditolak: ikut putusan sebelumnya; mengikuti putusan sebelumnya yang dikutip (amar: terdakwa terbukti bersalah)",NA,NA,"Ya","Pertalite (5)",NA,"PDF putusan","Ada","pdf/3923 K_Pid.Sus_2022.pdf",NA,"PDF lokal"
2023,"2022","MA","Bersalah","Wilayah hukum PN RANTAU PRAPAT","Solar (subsidi)",NA,NA,1500,"liter","3987 K/Pid.Sus/2023","MAHKAMAH AGUNG","15 Agustus 2023","Sumatera Utara",NA,"lokasi pengadilan (tempat kejadian tidak terbaca)","kasasi penuntut umum ditolak: ikut putusan sebelumnya; mengikuti putusan sebelumnya yang dikutip (amar: terdakwa terbukti bersalah)",NA,"angka di uraian perkara (konteks penyitaan didahulukan): ""ahan bakar minyak subsidi jenis solar sebanyak kurang lebih 1.500 (seribu lima ratus) liter; Dirampas untuk negara; − 1 (satu) unit""","Ya","Solar (11)",NA,"PDF putusan","Ada","pdf/3987_K_Pid.Sus_2023.pdf",NA,"PDF lokal"
2025,"2024-2025","Pengadilan Militer","Bersalah","SPBU 44","Pertalite (subsidi)",3630000,"IDR",363,"liter","43-K/PM.II-11/AD/IX/2025",NA,"30 Oktober 2025",NA,NA,"teks putusan (bertempat di ...)","amar: terdakwa terbukti bersalah","dihitung: volume 363 liter x harga beli Rp10000/liter (""warna hitam coklat Nopol lupa, mengisi BBM subsidi jenis Pertalite dengan harga Rp10.000,00 (sepuluh ribu rupiah) per lit"")","angka di uraian perkara (konteks penyitaan didahulukan): "". Bahwa pada saat baru mendapatkan BBM sebanyak 11 jerigen (363 liter), sekitar pukul 00.15 WIB Saksi dan Sak""","Ya","Pertalite (294); Bensin (jenis tidak disebut) (8); Pertamax (5); Dexlite (2); Pertamina Dex (2); Solar (1)",NA,"PDF putusan","Ada","pdf/43-K_PM.II-11_AD_IX_2025.pdf",NA,"PDF lokal"
2022,NA,"MA","Bersalah","Wilayah hukum PN SUMENEP","Solar (non-subsidi)",25000000,"IDR",600,"liter","439 K/Pid.Sus/2022","MAHKAMAH AGUNG","24 Februari 2022","Jawa Timur",NA,"lokasi pengadilan (tempat kejadian tidak terbaca)","amar: terdakwa terbukti bersalah","nilai transaksi BBM disebut putusan: ""nt Out Bukti transfer pembelian BBM Solar pada tanggal 06 Desember 2019 senilai Rp25.000.000,00 dan pada tanggal 07 Desember""","jumlah barang bukti BBM yang dikutip dari putusan/tuntutan sebelumnya: 600 liter","Ya","Solar (28)",NA,"PDF putusan","Ada","pdf/439 K_Pid.Sus_2022.pdf",NA,"PDF lokal"
2023,NA,"MA","Bersalah","Wilayah hukum PN TUBAN","Solar",NA,NA,1320,"liter","4506 K/Pid.Sus-LH/2023","MAHKAMAH AGUNG","5 Oktober 2023","Jawa Timur",NA,"lokasi pengadilan (tempat kejadian tidak terbaca)","kasasi/PK terdakwa ditolak: pemidanaan tetap berlaku",NA,"jumlah barang bukti BBM yang dikutip dari putusan/tuntutan sebelumnya: 240 + 1.080 liter","Ya","Solar (9)",NA,"PDF putusan","Ada","pdf/4506_K_Pid.Sus-LH_2023.pdf",NA,"PDF lokal"
2023,"2022","MA","Bersalah","Wilayah hukum PN SIBOLGA","Solar",NA,NA,60000,"liter","4814 K/Pid.Sus/2023","MAHKAMAH AGUNG","13 September 2023","Sumatera Utara",NA,"lokasi pengadilan (tempat kejadian tidak terbaca)","amar: terdakwa terbukti bersalah",NA,"jumlah barang bukti BBM di amar: 60.000 liter","Ya","Solar (12)",NA,"PDF putusan","Ada","pdf/4814_K_Pid.Sus_2023.pdf",NA,"PDF lokal"
2022,"2020","MA","Bersalah","Wilayah hukum PN NANGA BULIK","Minyak tanah",5520000,"IDR",600,"liter","4922 K/Pid.Sus/2022","MAHKAMAH AGUNG","5 September 2022","Kalimantan Tengah",NA,"lokasi pengadilan (tempat kejadian tidak terbaca)","amar: terdakwa terbukti bersalah","dihitung: volume 600 liter x harga per liter yang paling sering disebut Rp9200/liter (""an harga Rp46.000.000,00 (empat puluh enam juta rupiah), dengan harga per liter Rp9.200,00 (sembilan ribu dua ratus rupi"")","jumlah barang bukti BBM di amar: 600 liter","Ya","Minyak tanah (12); Avtur (1)",NA,"PDF putusan","Ada","pdf/4922 K_Pid.Sus_2022.pdf",NA,"PDF lokal"
2022,NA,"MA","Bersalah","Wilayah hukum PN KUALA KAPUAS",NA,NA,NA,NA,NA,"4992 K/Pid.Sus/2022","MAHKAMAH AGUNG","29 September 2022","Kalimantan Tengah",NA,"lokasi pengadilan (tempat kejadian tidak terbaca)","kasasi/PK terdakwa ditolak: pemidanaan tetap berlaku",NA,NA,"Tidak",NA,NA,"PDF putusan","Ada","pdf/4992_K_Pid.Sus_2022.pdf",NA,"PDF lokal"
2022,NA,"MA","Bersalah","Wilayah hukum PN SAWAHLUNTO",NA,NA,NA,NA,NA,"5056 K/Pid.Sus/2022","MAHKAMAH AGUNG","13 Oktober 2022","Sumatera Barat",NA,"lokasi pengadilan (tempat kejadian tidak terbaca)","kasasi penuntut umum ditolak: ikut putusan sebelumnya; mengikuti putusan sebelumnya yang dikutip (amar: terdakwa terbukti bersalah)",NA,NA,"Tidak",NA,NA,"PDF putusan","Ada","pdf/5056 K_Pid.Sus_2022.pdf",NA,"PDF lokal"
2020,NA,"MA","Bersalah","Wilayah hukum PN TOLITOLI","Premium; Pertalite",NA,NA,66,"liter","518 K/Pid.Sus.LH/2020","MAHKAMAH AGUNG","22 April 2020","Sulawesi Tengah",NA,"lokasi pengadilan (tempat kejadian tidak terbaca)","kasasi penuntut umum ditolak: ikut putusan sebelumnya; mengikuti putusan sebelumnya yang dikutip (amar: terdakwa terbukti bersalah)",NA,"jumlah barang bukti BBM yang dikutip dari putusan/tuntutan sebelumnya: 66 liter","Ya","Premium (6); Pertalite (3); Bensin (jenis tidak disebut) (3)",NA,"PDF putusan","Ada","pdf/518 K_Pid.Sus.LH_2020.pdf",NA,"PDF lokal"
2020,NA,"MA","Bersalah","Wilayah hukum PN KOTABUMI","Premium",NA,NA,350,"liter","524 K/Pid.Sus/2020","MAHKAMAH AGUNG","22 April 2020","Lampung",NA,"lokasi pengadilan (tempat kejadian tidak terbaca)","kasasi penuntut umum ditolak: ikut putusan sebelumnya; mengikuti putusan sebelumnya yang dikutip (amar: terdakwa terbukti bersalah)",NA,"jumlah barang bukti BBM yang dikutip dari putusan/tuntutan sebelumnya: 350 liter","Ya","Premium (2); Bensin (jenis tidak disebut) (2)",NA,"PDF putusan","Ada","pdf/524 K_Pid.Sus_2020.pdf",NA,"PDF lokal"
2020,NA,"MA","Bersalah","Wilayah hukum PN TOLITOLI","Premium",NA,NA,10,"liter","543 K/Pid.Sus LH/2020","MAHKAMAH AGUNG","22 April 2020","Sulawesi Tengah",NA,"lokasi pengadilan (tempat kejadian tidak terbaca)","kasasi penuntut umum ditolak: ikut putusan sebelumnya; mengikuti putusan sebelumnya yang dikutip (amar: terdakwa terbukti bersalah)",NA,"jumlah barang bukti BBM yang dikutip dari putusan/tuntutan sebelumnya: 10 liter","Ya","Premium (2); Bensin (jenis tidak disebut) (2)",NA,"PDF putusan","Ada","pdf/543 K_Pid.Sus LH_2020.pdf",NA,"PDF lokal"
2023,"2022","MA","Bersalah","Wilayah hukum PN SIBOLGA","Solar",NA,NA,60000,"liter","5569 K/Pid.Sus/2023","MAHKAMAH AGUNG","16 November 2023","Sumatera Utara",NA,"lokasi pengadilan (tempat kejadian tidak terbaca)","kasasi/PK terdakwa ditolak: pemidanaan tetap berlaku",NA,"angka di uraian perkara (konteks penyitaan didahulukan): ""Nomor 5569 K/Pid.Sus/2023 Bahan Bakar Minyak Jenis Solar ± 60.000 (kurang lebih enam puluh  ribu) liter yang telah dilakukan penjualan langsung""","Ya","Solar (9)",NA,"PDF putusan","Ada","pdf/5569_K_Pid.Sus_2023.pdf",NA,"PDF lokal"
2023,NA,"MA","Bersalah","Wilayah hukum PN TAKALAR","Solar (subsidi)",NA,NA,970,"liter","5592 K/Pid.Sus/2023","MAHKAMAH AGUNG","26 Oktober 2023","Sulawesi Selatan",NA,"lokasi pengadilan (tempat kejadian tidak terbaca)","kasasi/PK terdakwa ditolak: pemidanaan tetap berlaku",NA,"jumlah barang bukti BBM yang dikutip dari putusan/tuntutan sebelumnya: 50 + 920 liter","Ya","Solar (12)",NA,"PDF putusan","Ada","pdf/5592_K_Pid.Sus_2023.pdf",NA,"PDF lokal"
2024,NA,"MA","Bersalah","Wilayah hukum PN UNGARAN","Biosolar (subsidi)",20600000,"IDR",4000,"liter","56 K/Pid.Sus/2024","MAHKAMAH AGUNG","21 Februari 2024","Jawa Tengah",NA,"lokasi pengadilan (tempat kejadian tidak terbaca)","kasasi penuntut umum ditolak: ikut putusan sebelumnya; mengikuti putusan sebelumnya yang dikutip (amar: terdakwa terbukti bersalah)","dihitung: volume 4000 liter x harga beli Rp5150/liter (""para sopir truk dari SPBU-SPBU wilayah Kabupaten Semarang tersebut dengan harga Rp5.150,00 (lima ribu seratus lima puluh"")","angka di uraian perkara (konteks penyitaan didahulukan): ""4 x 1.000 liter: 4 (empat) kempu kapasitas masing-masing 1.000 (seribu) liter""","Ya","Biosolar (19); Solar (4)",NA,"PDF putusan","Ada","pdf/56_K_Pid.Sus_2024.pdf",NA,"PDF lokal"
2023,NA,"MA","Bersalah","Wilayah hukum PN DONGGALA","Biosolar (subsidi)",4726000,"IDR",560,"liter","5786 K/Pid.Sus/2023","MAHKAMAH AGUNG","16 November 2023","Sulawesi Tengah",NA,"lokasi pengadilan (tempat kejadian tidak terbaca)","amar: menjatuhkan pidana","hasil lelang/penjualan barang bukti BBM: ""puluh lima liter) bahan bakar minyak jenis bio solar dengan total hasil lelang Rp4.726.000,00 (empat juta tujuh ratus dua p""","jumlah barang bukti BBM di amar: 560 liter","Ya","Biosolar (14); Solar (3)",NA,"PDF putusan","Ada","pdf/5786_K_Pid.Sus_2023.pdf",NA,"PDF lokal"
2023,"2022","PT","Bersalah","Jalan Jeramba Panjang, Kel. Rimba Asam, Kec. Betung, Kab. Banyuasin, Provinsi Sumatera Selatan","Solar",13600000,"IDR",2000,"liter","57/PID.LH/2023/PT PLG","PT PALEMBANG","5 April 2023","Sumatera Selatan","Kabupaten Banyuasin","teks putusan (bertempat di ...)","amar: terdakwa terbukti bersalah","dihitung: volume 2000 liter x harga per liter yang paling sering disebut Rp6800/liter (""Selatan sebanyak 2000 (dua ribu) Liter secara bertahap dengan harga perliternya Rp. 6.800 (enam ribu delapan ratus rupi"")","angka di uraian perkara (konteks penyitaan didahulukan): ""Betung, Kab. Banyuasin, Provinsi Sumatera Selatan sebanyak 2000 (dua ribu) Liter secara bertahap dengan harga perliterny""","Ya","Solar (111)",NA,"PDF putusan","Ada","pdf/57_PID.LH_2023_PT_PLG.pdf",NA,"PDF lokal"
2023,NA,"MA","Bersalah","Wilayah hukum PN NANGA BULIK","Minyak tanah (non-subsidi)",NA,NA,600,"liter","580 PK/Pid.Sus/2023","MAHKAMAH AGUNG","14 September 2023","Kalimantan Tengah",NA,"lokasi pengadilan (tempat kejadian tidak terbaca)","kasasi/PK terdakwa ditolak: pemidanaan tetap berlaku",NA,"jumlah barang bukti BBM yang dikutip dari putusan/tuntutan sebelumnya: 600 liter","Ya","Minyak tanah (5)",NA,"PDF putusan","Ada","pdf/580_PK_Pid.Sus_2023.pdf",NA,"PDF lokal"
2023,"2022","PT","Bersalah","sebuah rumah yang terletak di Desa Minohorejo, Kecamatan Widang Kabupaten Tuban","Solar (subsidi)",8976000,"IDR",1320,"liter","588/PID.SUS-LH/2023/PT SBY",NA,"14 Juni 2023","Jawa Timur","Kabupaten Tuban","teks putusan (bertempat di ...)","menguatkan putusan sebelumnya: ikut putusan sebelumnya; mengikuti putusan sebelumnya yang dikutip (amar: terdakwa terbukti bersalah)","dihitung: volume 1320 liter x harga beli Rp6800/liter (""i solar dari SPBU yang ada di Ds. Gesing Kec. Semanding Kab. Tuban dengan harga Rp. 6.800 (enam ribu delapan ratus rupi"")","jumlah barang bukti BBM yang dikutip dari putusan/tuntutan sebelumnya: 240 + 1.080 liter","Ya","Solar (29)",NA,"PDF putusan","Ada","pdf/588_PID.SUS-LH_2023_PT_SBY.pdf",NA,"PDF lokal"
2020,"2019","PT","Bersalah","Jalan Trans Kalimantan Parit Masigi Rt.002/ Rw. 002 Desa Sungai Ambawang Kuala Kecamatan Sungai Ambawang Kababupaten Kubu Raya","BBM (jenis tidak disebut)",NA,NA,NA,NA,"58/PID.SUS/2020/PT PTK",NA,"28 April 2020","Kalimantan Barat",NA,"teks putusan (bertempat di ...)","menguatkan putusan sebelumnya: ikut putusan sebelumnya; mengikuti putusan sebelumnya yang dikutip (amar: terdakwa terbukti bersalah)",NA,NA,"Tidak (LPG/gas)",NA,NA,"PDF putusan","Ada","pdf/58_PID.SUS_2020_PT_PTK.pdf",NA,"PDF lokal"
2020,"2020","PT","Bersalah","gudang pengolahan bahan bakar minyak mentah milik [nama] di Jl. Mataram RT.010 Desa Kayu Kapur Kec. Bukit Kapur Kota Madya Dumai Propinsi Riau","Solar",NA,NA,14000,"liter","596/PID.SUS/2020/PT PBR",NA,"15 Desember 2020","Riau","Kota Madya Dumai Propinsi Riau","teks putusan (bertempat di ...)","menguatkan putusan sebelumnya: ikut putusan sebelumnya; mengikuti putusan sebelumnya yang dikutip (amar: terdakwa terbukti bersalah)",NA,"jumlah barang bukti BBM yang dikutip dari putusan/tuntutan sebelumnya: 14.000 liter","Ya","Solar (25)",NA,"PDF putusan","Ada","pdf/596_PID.SUS_2020_PT_PBR.pdf",NA,"PDF lokal"
2021,"2020","PN","Bersalah","Dermaga Pelabuhan Juwana Pati","Solar",39000000,"IDR",6000,"liter","5/Pid.Sus/2021/PN Pti","PN PATI","29 April 2021","Jawa Tengah",NA,"teks putusan (bertempat di ...)","amar: terdakwa terbukti bersalah","dihitung: volume 6000 liter x harga per liter yang paling sering disebut Rp6500/liter (""r kemudian terdakwa jual ke SARJONO / KM. PUTRA MINA BAHARI GT. 69 dengan harga Rp.6.500,- (enam ribu lima ratus rupia"")","jumlah barang bukti BBM di amar: 6.000 liter","Ya","Solar (186); Premium (2); Minyak tanah (1)",NA,"PDF putusan","Ada","pdf/5_Pid.Sus_2021_PN_Pti.pdf",NA,"PDF lokal"
2022,NA,"MA","Tidak bersalah","Wilayah hukum PN BATULICIN",NA,NA,NA,NA,NA,"6136 K/Pid.Sus/2022","MAHKAMAH AGUNG","8 Desember 2022","Kalimantan Selatan",NA,"lokasi pengadilan (tempat kejadian tidak terbaca)","kasasi penuntut umum ditolak: ikut putusan sebelumnya; mengikuti putusan sebelumnya yang dikutip (amar: terdakwa dibebaskan (vrijspraak))",NA,NA,"Tidak",NA,NA,"PDF putusan","Ada","pdf/6136 K_Pid.Sus_2022.pdf",NA,"PDF lokal"
2023,"2023","PT","Bersalah","Dermaga TPI Pelabuhan Tasik Agung Rembang, Kab. Rembang, Prov. Jawa Tengah","Solar/Biosolar (subsidi)",12545565,"IDR",1844.9360000000001,"liter","639/PID.SUS/2023/PT SMG","PT SEMARANG","18 Oktober 2023","Jawa Tengah","Kabupaten Rembang","teks putusan (bertempat di ...)","menguatkan putusan sebelumnya: ikut putusan sebelumnya; mengikuti putusan sebelumnya yang dikutip (amar: terdakwa terbukti bersalah)","dihitung: volume 1844.936 liter x harga beli Rp6800/liter (""i SPDN 48.592.06 KUD Saroyo Mino Kab. Rembang dengan harga BBM Bio Solar adalah Rp. 6800,- (Enam ribu delapan ratus ru"")","jumlah barang bukti BBM yang dikutip dari putusan/tuntutan sebelumnya: 1.000 + 50 + 794,936 liter","Ya","Solar (15); Biosolar (10)",NA,"PDF putusan","Ada","pdf/639_PID.SUS_2023_PT_SMG.pdf",NA,"PDF lokal"
2023,NA,"MA","Bersalah","Wilayah hukum PN LHOKSUKON","BBM (jenis tidak disebut)",450000,"IDR",210,"liter","6572 K/Pid.Sus-LH/2023","MAHKAMAH AGUNG","21 Desember 2023","Aceh",NA,"lokasi pengadilan (tempat kejadian tidak terbaca)","kasasi penuntut umum ditolak: ikut putusan sebelumnya; mengikuti putusan sebelumnya yang dikutip (amar: terdakwa terbukti bersalah)","nilai transaksi BBM disebut putusan: ""ebut; • Bahwa Terdakwa menjual bahan bakar minyak tersebut dengan harga kisaran Rp450.000,00 (empat ratus lima puluh ribu""","angka di uraian perkara (konteks penyitaan didahulukan): ""roleh dari 2 (dua) titik sekitar 1 (satu) drum atau sekitar 210 (dua ratus sepuluh) liter per hari; • Bahwa Terdakwa tidak ada iz""","Sebagian (minyak mentah)",NA,NA,"PDF putusan","Ada","pdf/6572_K_Pid.Sus-LH_2023.pdf",NA,"PDF lokal"
2021,"2020","PT","Bersalah","Jl. KH Dewantara Kel. Melak Ulu Kec. Melak Kab. Kutai Barat","Pertalite",1600000,"IDR",200,"liter","65/PID/2021/PT SMR","PT KALIMANTAN TIMUR DI SAMARINDA","25 Maret 2021","Kalimantan Timur","Kabupaten Kutai Barat","teks putusan (bertempat di ...)","amar: terdakwa terbukti bersalah","dihitung: volume 200 liter x harga per liter yang paling sering disebut Rp8000/liter (""itas + 20 Liter lalu saksi [nama] mengisi ke dalam 10 buah Jerigen dengan harga Rp8.000 (delapan ribu rupiah) per lit"")","angka di uraian perkara (konteks penyitaan didahulukan): ""legal oil, ditemukan bahan bakar jenis pertalite sebanyak + 200 liter, yang berada di dalam 10 buah jerigen p""","Ya","Pertalite (21); Premium (2)",NA,"PDF putusan","Ada","pdf/65_PID_2021_PT_SMR.pdf",NA,"PDF lokal"
2021,"2020","PN","Bersalah","Desa Aluh-aluh besar, Rt. 01, Kec. Aluh-aluh, Kabupaten Banjar","Solar",26400000,"IDR",4400,"liter","65/ Pid.Sus / 2021 / PN Mtp","PN MARTAPURA","3 Mei 2021","Kalimantan Selatan","Kabupaten Banjar","teks putusan (bertempat di ...)","amar: terdakwa terbukti bersalah","dihitung: volume 4400 liter x harga beli Rp6000/liter (""BERSAUDARA membeli BBM jenis Solar  dari PT. RESSA RABBY LESTARI dengan harga Rp6.000,00 (enam ribu rupiah) perliterny"")","jumlah barang bukti BBM di amar: 4.400 liter","Ya","Solar (188); Premium (3); Minyak tanah (1); Bensin (jenis tidak disebut) (1)",NA,"PDF putusan","Ada","pdf/65_Pid.Sus_2021_PN_Mtp.pdf",NA,"PDF lokal"
2023,"2023","PN","Bersalah","Dermaga TPI Pelabuhan Tasik Agung Rembang, Kab. Rembang, Prov. Jawa Tengah","Solar/Biosolar",12545565,"IDR",1844.9360000000001,"liter","72/Pid.Sus/2023/PN Rbg","PN REMBANG","6 September 2023","Jawa Tengah","Kabupaten Rembang","teks putusan (bertempat di ...)","amar: terdakwa terbukti bersalah","dihitung: volume 1844.936 liter x harga beli Rp6800/liter (""i SPDN 48.592.06 KUD Saroyo Mino Kab. Rembang dengan harga BBM Bio Solar adalah Rp. 6800,- (Enam ribu delapan ratus ru"")","jumlah barang bukti BBM di amar: 1.000 + 50 + 794,936 liter","Ya","Solar (79); Biosolar (27); Minyak tanah (1)",NA,"PDF putusan","Ada","pdf/72_Pid.Sus_2023_PN_Rbg.pdf",NA,"PDF lokal"
2020,NA,"MA","Bersalah","Wilayah hukum PN PONTIANAK",NA,NA,NA,NA,NA,"854 K/Pid.Sus/2020","MAHKAMAH AGUNG","11 Juni 2020","Kalimantan Barat",NA,"lokasi pengadilan (tempat kejadian tidak terbaca)","kasasi/PK terdakwa ditolak: pemidanaan tetap berlaku",NA,NA,"Tidak (LPG/gas)",NA,NA,"PDF putusan","Ada","pdf/854 K_Pid.Sus_2020.pdf",NA,"PDF lokal"
2022,NA,"MA","Bersalah","Wilayah hukum PN MARTAPURA","Solar",250000,"IDR",420,"liter","85 K/Pid.Sus/2022","MAHKAMAH AGUNG","8 Februari 2022","Kalimantan Selatan",NA,"lokasi pengadilan (tempat kejadian tidak terbaca)","kasasi/PK terdakwa ditolak: pemidanaan tetap berlaku","nilai transaksi BBM disebut putusan: ""nyak (BBM) jenis solar tersebut dijual kepada para nelayan dengan harga sebesar Rp250.000,00 (dua ratus lima puluh ribu ru""","jumlah barang bukti BBM yang dikutip dari putusan/tuntutan sebelumnya: 420 liter","Ya","Solar (8)",NA,"PDF putusan","Ada","pdf/85_K_Pid.Sus_2022.pdf",NA,"PDF lokal"
2020,NA,"MA","Bersalah","Wilayah hukum PN SEMARAPURA","Premium",10000000,"IDR",NA,NA,"869 K/Pid.Sus/2020","MAHKAMAH AGUNG","28 April 2020","Bali",NA,"lokasi pengadilan (tempat kejadian tidak terbaca)","kasasi penuntut umum ditolak: ikut putusan sebelumnya; mengikuti putusan sebelumnya yang dikutip (amar: terdakwa terbukti bersalah)","nilai transaksi BBM disebut putusan: ""mengangkut BBM tersebut adalah Terdakwa [nama] dengan memberikan uang sejumlah Rp10.000.000,00 (sepuluh juta rupiah) dan Ter""",NA,"Ya","Premium (5)",NA,"PDF putusan","Ada","pdf/869 K_Pid.Sus_2020.pdf",NA,"PDF lokal"
