id,dataset,no,nomor_putusan,kata_kunci_ditemukan,token_literal_kata_kunci,dasar_bukti,bbm_objek_perkara,putusan_peninjau,suara_verifikator,final,keputusan,alasan,perlu_cek_situs,kutipan_pendukung
R001,rekap,1,249/Pid.Sus/2020/PN Spt,"BBM, solar",True,kutipan verbatim (bukti_kutipan),ya,ya,,yes,Dipertahankan,"Kata kunci BBM, solar ditemukan pada kutipan verbatim (bukti_kutipan); BBM (Solar (status subsidi tidak disebut)) adalah objek perkara.",False,BBM jenis solar sebanyak 33 (tiga puluh tiga) drum atau sama dengan 5.353 (lima ribu tiga ratus lima puluh tiga) liter
R002,rekap,2,128/Pid.Sus/2020/PN Pti,"BBM, bahan bakar minyak, solar, biosolar",True,kutipan verbatim (bukti_kutipan),ya,ya,,yes,Dipertahankan,"Kata kunci BBM, bahan bakar minyak, solar, biosolar ditemukan pada kutipan verbatim (bukti_kutipan); BBM (Solar/Biosolar (subsidi)) adalah objek perkara.",False,terbukti secara sah dan meyakinkan bersalah melakukan tindak pidana Turut serta melakukan perbuatan menyalahgunakan pengangkutan dan niaga bahan bakar minyak yang disubsidi pemerintah
R003,rekap,3,144/Pid.Sus/2020/PN Pti,"BBM, solar, biosolar",True,kutipan verbatim (bukti_kutipan),ya,ya,,yes,Dipertahankan,"Kata kunci BBM, solar, biosolar ditemukan pada kutipan verbatim (bukti_kutipan); BBM (Solar/Biosolar (subsidi)) adalah objek perkara.",False,Solar sebanyak 7622 (tujuh ribu enam ratus dua puluh dua) liter dalam 8 (delapan) tandon putih | Solar sebanyak 3.365 ... liter yang yang berada di tangki bahan bakar KM Manis Sejahtera | Solar sebanyak 6042 liter dalam 6 buah tandon warna putih | 21 (dua puluh satu) buah struk pembelian BBM Bio Solar di SPBU
R004,rekap,4,266/Pid.Sus/2019/PN Pli,"BBM, bahan bakar minyak, solar",True,teks PDF putusan sendiri,ya,ya,,yes,Dipertahankan,"Kata kunci BBM, bahan bakar minyak, solar ditemukan pada teks PDF putusan sendiri; BBM (Solar/Biosolar (subsidi)) adalah objek perkara.",False,BBM jenis solar yang ada dalam jerigen sebanyak 40 liter dengan membeli
R005,rekap,5,518 K/Pid.Sus.LH/2020,"BBM, pertalite",True,teks PDF putusan sendiri,ya,ya,,yes,Dipertahankan,"Kata kunci BBM, pertalite ditemukan pada teks PDF putusan sendiri; BBM (Premium) adalah objek perkara.",False,e. ± 66 (enam puluh enam) liter BBM jenis Premium (Bensin);
R006,rekap,6,127/Pid.Sus/2020/PN Pti.,"bahan bakar minyak, solar",True,kutipan verbatim (bukti_kutipan),ya,ya,,yes,Dipertahankan,"Kata kunci bahan bakar minyak, solar ditemukan pada kutipan verbatim (bukti_kutipan); BBM (Solar/Biosolar (subsidi)) adalah objek perkara.",False,Solar sebanyak 6042 liter dalam 6 (enam) buah tandon warna putih | truk tangki kapasitas 8.000 liter ... (dalam keadaan isi sekitar 7.000 liter) | menyalahgunakan pengangkutan dan niaga bahan bakar minyak yang disubsidi pemerintah
R007,rekap,7,869 K/Pid.Sus/2020,"BBM, bahan bakar minyak",True,teks PDF putusan sendiri,ya,ya,,yes,Dipertahankan,"Kata kunci BBM, bahan bakar minyak ditemukan pada teks PDF putusan sendiri; BBM (Premium) adalah objek perkara.",False,mengangkut BBM (Bahan Bakar Minyak) jenis premium sebanyak 45 (empat puluh lima) jerigen tanpa izin usaha pengangkutan
R008,rekap,8,30 K/Pid.Sus-LH/2020,"BBM, bahan bakar minyak, solar",True,teks PDF putusan sendiri,ya,ya,,yes,Dipertahankan,"Kata kunci BBM, bahan bakar minyak, solar ditemukan pada teks PDF putusan sendiri; BBM (Solar (status subsidi tidak disebut)) adalah objek perkara.",False,2) 2 (dua) ton / (2.000) liter bahan bakar minyak (BBM) jenis solar;
R009,rekap,9,125/Pid.B/LH/2020/PN Tte,"BBM, bahan bakar minyak, pertalite, solar",True,teks PDF putusan sendiri,ya,ya,,yes,Dipertahankan,"Kata kunci BBM, bahan bakar minyak, pertalite, solar ditemukan pada teks PDF putusan sendiri; BBM (Premium; Pertalite) adalah objek perkara.",False,[nama] sedang mengangkut BBM jenis Pertalite sebanyak ± 500 (lima ratus)
R010,rekap,10,87/Pid.Sus/2020/PNKbm,bahan bakar minyak,False,kutipan verbatim (bukti_kutipan),ya,ya,bukti kata kunci: ya; pokok perkara: ya; skeptis: ya,yes,Dipertahankan,Kata kunci bahan bakar minyak ditemukan pada kutipan verbatim (bukti_kutipan); BBM (Premium) adalah objek perkara. Hanya frasa lengkap 'bahan bakar minyak' (kepanjangan BBM) yang ditemukan; token literal 'BBM'/'solar'/dst. tidak ada di sumber yang tersedia.,True,bersalah melakukan tindak pidana telah melakukan Pengangkutan Bahan Bakar Minyak Tanpa Izin Usaha Pengangkutan
R011,rekap,11,28/Pid.Sus/2020/PN Mrh,"BBM, bahan bakar minyak, solar, biosolar, minyak tanah",True,teks PDF putusan sendiri,ya,ya,,yes,Dipertahankan,"Kata kunci BBM, bahan bakar minyak, solar, biosolar, minyak tanah ditemukan pada teks PDF putusan sendiri; BBM (Solar/Biosolar (subsidi)) adalah objek perkara.",False,Volume Bahan Bakar Minyak Jenis Solar sebesar ± 20.500 Liter;
R012,rekap,12,27/Pid.Sus/2020/PN Pli,"BBM, bahan bakar minyak, solar, biosolar",True,teks PDF putusan sendiri,ya,ya,,yes,Dipertahankan,"Kata kunci BBM, bahan bakar minyak, solar, biosolar ditemukan pada teks PDF putusan sendiri; BBM (Solar/Biosolar (subsidi)) adalah objek perkara.",False,• BBM jenis solar dengan jumlah kurang lebih 1.000 (seribu) liter;
R013,rekap,13,524 K/Pid.Sus/2020,"BBM, bahan bakar minyak",True,teks PDF putusan sendiri,ya,ya,,yes,Dipertahankan,"Kata kunci BBM, bahan bakar minyak ditemukan pada teks PDF putusan sendiri; BBM (Premium) adalah objek perkara.",False,Bahan Bakar Minyak (BBM) jenis premium ( bensin) sebanyak lebih
R014,rekap,14,1214 K/Pid.Sus/2020,"BBM, bahan bakar minyak, solar",True,teks PDF putusan sendiri,ya,ya,,yes,Dipertahankan,"Kata kunci BBM, bahan bakar minyak, solar ditemukan pada teks PDF putusan sendiri; BBM (Solar (non-subsidi/industri)) adalah objek perkara.",False,"- BBM jenis solar sebanyak 1.007,08 (seribu tujuh koma nol delapan)"
R015,rekap,15,543 K/Pid.Sus LH/2020,BBM,True,teks PDF putusan sendiri,ya,ya,,yes,Dipertahankan,Kata kunci BBM ditemukan pada teks PDF putusan sendiri; BBM (Premium) adalah objek perkara.,False,-Kurang lebih 10 (sepuluh) liter BBM jenis premium dalam drum;
R016,rekap,16,240/Pid.Sus/2020/PN Pti,"BBM, bahan bakar minyak, solar",True,kutipan verbatim (bukti_kutipan),ya,ya,,yes,Dipertahankan,"Kata kunci BBM, bahan bakar minyak, solar ditemukan pada kutipan verbatim (bukti_kutipan); BBM (Solar/Biosolar (subsidi)) adalah objek perkara.",False,"Muatan BBM jenis solar sebanyak 5.000 (lima ribu) liter yang telah dilakukan pelelangan dengan hasil Rp. 22.425.000,00 | terbukti secara sah dan meyakinkan bersalah melakukan tindak pidana menyalahgunakan niaga bahan bakar minyak (BBM) yang disubsidi pemerintah"
R017,rekap,17,25 K/PID.SUS-LH/2020,bahan bakar minyak,False,kutipan verbatim (bukti_kutipan),ya,ya,bukti kata kunci: ya; pokok perkara: ya; skeptis: ya,yes,Dipertahankan,Kata kunci bahan bakar minyak ditemukan pada kutipan verbatim (bukti_kutipan); BBM (BBM (jenis tidak disebut)) adalah objek perkara. Hanya frasa lengkap 'bahan bakar minyak' (kepanjangan BBM) yang ditemukan; token literal 'BBM'/'solar'/dst. tidak ada di sumber yang tersedia.,True,PT Palu: terbukti secara sah dan menyakinkan bersalah melakukan tindak pidana Melakukan niaga bahan bakar minyak tanpa izin usaha niaga
R018,rekap,18,875 K/Pid.Sus/2020,"BBM, bahan bakar minyak, solar",True,kutipan verbatim (bukti_kutipan),ya,ya,,yes,Dipertahankan,"Kata kunci BBM, bahan bakar minyak, solar ditemukan pada kutipan verbatim (bukti_kutipan); BBM (Solar/Biosolar (subsidi)) adalah objek perkara.",False,"PT Kendari: bersalah bersama sama melakukan tindak pidana melakukan pengangkutan bahan bakar minyak (BBM) jenis solar bersubsidi tanpa izin usaha Pengangkutan | Solar bersubsidi sebanyak 582,524 (lima ratus delapan puluh dua koma lima ratus dua puluh empat) liter, Dirampas untuk negara"
R019,rekap,19,326/Pid.Sus/2020/PN Dum,"BBM, bahan bakar minyak, solar, minyak tanah",True,teks PDF putusan sendiri,ya,ya,,yes,Dipertahankan,"Kata kunci BBM, bahan bakar minyak, solar, minyak tanah ditemukan pada teks PDF putusan sendiri; BBM (Minyak mentah; Solar (hasil olahan ilegal)) adalah objek perkara.",False,"bahan bakar minyak jenis solar tersebut dijual kembali seharga Rp 3.500,00 (tiga ribu lima ratus ribu rupiah) perliter"
R020,rekap,20,596/PID.SUS/2020/PT PBR,"BBM, bahan bakar minyak, solar",True,teks PDF putusan sendiri,ya,ya,,yes,Dipertahankan,"Kata kunci BBM, bahan bakar minyak, solar ditemukan pada teks PDF putusan sendiri; BBM (Minyak mentah; Solar (hasil olahan ilegal)) adalah objek perkara.",False,± 14.000 (lebih kurang empat belas ribu) liter Minyak yang diduga BBM jenis solar dalam 15 (lima belas) Baby Tank
R021,rekap,21,100 K/PID.SUS/2020,"bahan bakar minyak, solar",True,teks PDF putusan sendiri,ya,ya,,yes,Dipertahankan,"Kata kunci bahan bakar minyak, solar ditemukan pada teks PDF putusan sendiri; BBM (Solar/Biosolar (subsidi)) adalah objek perkara.",False,Terdakwa juga telah memuat kurang lebih 295 (dua ratus sembilan puluh lima ) liter solar dalam drum dan jir igen yang berada di bak truk yang dikemudikannya
R022,rekap,22,330/PID/2019/PT BNA,"BBM, bahan bakar minyak",True,teks PDF putusan sendiri,ya,ya,,yes,Dipertahankan,"Kata kunci BBM, bahan bakar minyak ditemukan pada teks PDF putusan sendiri; BBM (Premium) adalah objek perkara.",False,40 (empat puluh) liter minyak BBM jenis premium. Dirampas untuk negara.
R023,rekap,23,2398 K/PID.SUS-LH/2020,BBM,True,teks PDF putusan lain dalam rantai perkara yang sama,ya,ya,,yes,Dipertahankan,Kata kunci BBM ditemukan pada teks PDF putusan lain dalam rantai perkara yang sama; BBM (Premium) adalah objek perkara.,False,PT 330/PID/2019/PT BNA: 40 (empat puluh) liter minyak BBM jenis premium. Dirampas untuk negara.
R024,rekap,24,129/PID.SUS/2019/PT JMB,"BBM, bahan bakar minyak, solar, biosolar",True,teks PDF putusan sendiri,ya,ya,,yes,Dipertahankan,"Kata kunci BBM, bahan bakar minyak, solar, biosolar ditemukan pada teks PDF putusan sendiri; BBM (Solar/Biosolar (subsidi)) adalah objek perkara.",False,memuat bahan bakar minyak jenis bio solar sebanyak ± 6000 liter yang dimuat didalam 5 (lima) buah baby tank
R025,rekap,25,2408 K/PID.SUS/2020,"bahan bakar minyak, biosolar, solar",True,teks PDF putusan lain dalam rantai perkara yang sama,ya,ya,,yes,Dipertahankan,"Kata kunci bahan bakar minyak, biosolar, solar ditemukan pada teks PDF putusan lain dalam rantai perkara yang sama; BBM (Solar/Biosolar (subsidi)) adalah objek perkara.",False,PT JMB: memuat bahan bakar minyak jenis bio solar sebanyak ± 6000 liter
R026,rekap,26,126/Pid.Sus/2020/PN Tjg,BBM,True,kutipan verbatim (bukti_kutipan),ya,ya,,yes,Dipertahankan,Kata kunci BBM ditemukan pada kutipan verbatim (bukti_kutipan); BBM (Premium) adalah objek perkara.,False,BBM jenis Premium sekitar 1.100 (seribu seratus) liter yang termuat dalam jerigen berbagai ukuran; Dirampas untuk Negara
R027,rekap,27,130/PID.SUS/2020/PT BJM,"BBM, bahan bakar minyak",True,teks PDF putusan sendiri,ya,ya,,yes,Dipertahankan,"Kata kunci BBM, bahan bakar minyak ditemukan pada teks PDF putusan sendiri; BBM (Premium) adalah objek perkara.",False,mengangkut BBM jenis Premium sekitar 1.100 (seribu seratus) liter yang termuat di dalam jerigen berbagai ukuran
R028,rekap,28,128/PID.SUS/2019/PT JMB,"BBM, bahan bakar minyak, solar, biosolar",True,teks PDF putusan sendiri,ya,ya,,yes,Dipertahankan,"Kata kunci BBM, bahan bakar minyak, solar, biosolar ditemukan pada teks PDF putusan sendiri; BBM (Solar/Biosolar (subsidi)) adalah objek perkara.",False,memuat bahan bakar minyak jenis bio solar sebanyak ± 6000 liter
R029,rekap,29,2402 K/Pid.Sus/2020,"bahan bakar minyak, biosolar, solar",True,teks PDF putusan lain dalam rantai perkara yang sama,ya,ya,,yes,Dipertahankan,"Kata kunci bahan bakar minyak, biosolar, solar ditemukan pada teks PDF putusan lain dalam rantai perkara yang sama; BBM (Solar/Biosolar (subsidi)) adalah objek perkara.",False,PT: memuat bahan bakar minyak jenis bio solar sebanyak ± 6000 liter
R030,rekap,30,118/Pid.Sus/2020/PN Mtp,"BBM, solar, bahan bakar minyak",True,kutipan verbatim (bukti_kutipan),ya,ya,,yes,Dipertahankan,"Kata kunci BBM, solar, bahan bakar minyak ditemukan pada kutipan verbatim (bukti_kutipan); BBM (Solar (status subsidi tidak disebut)) adalah objek perkara.",False,BBM solar sebanyak 2 (dua) buah drum / + 420 (Empat Ratus Dua Puluh) liter; Dirampas untuk Negara
R031,rekap,31,139/PID.SUS/2020/PT BJM,"BBM, solar, bahan bakar minyak",True,teks PDF putusan sendiri,ya,ya,,yes,Dipertahankan,"Kata kunci BBM, solar, bahan bakar minyak ditemukan pada teks PDF putusan sendiri; BBM (Solar (status subsidi tidak disebut)) adalah objek perkara.",False,melakukan penyimpanan bahan bakar minyak (BBM) jenis solar tanpa izin usaha penyimpanan
R032,rekap,32,11/Pid.Sus/2020/PN Ktp,"BBM, bahan bakar minyak, solar",True,teks PDF putusan sendiri,ya,ya,,yes,Dipertahankan,"Kata kunci BBM, bahan bakar minyak, solar ditemukan pada teks PDF putusan sendiri; BBM (Solar (status subsidi tidak disebut)) adalah objek perkara.",False,menemukan sebanyak 4000 Liter BBM jenis solar dalam 20 drum yang diakui sebagai milik terdakwa; - Bahwa terdakwa telah berdagang BBM dipinggir sungai Kendawangan
R033,rekap,33,117/PID.SUS/2020/PT PTK,"BBM, bahan bakar minyak, solar",True,teks PDF putusan sendiri,ya,ya,,yes,Dipertahankan,"Kata kunci BBM, bahan bakar minyak, solar ditemukan pada teks PDF putusan sendiri; BBM (Solar (status subsidi tidak disebut)) adalah objek perkara.",False,"Ditreskrimsus Polda Kalbar menemukan Bahan Bakar Minyak jenis solar sebanyak 3.890,224 (tiga ribu delapan ratus sembilan puluh koma dua dua empat) liter yang dimuat dalam 20 (dua puluh) drum besi"
R034,rekap,34,154/Pid.Sus/2019/PN Bek,"BBM, bahan bakar minyak, solar, minyak tanah",True,teks PDF putusan sendiri,ya,ya,,yes,Dipertahankan,"Kata kunci BBM, bahan bakar minyak, solar, minyak tanah ditemukan pada teks PDF putusan sendiri; BBM (Solar/Biosolar (subsidi)) adalah objek perkara.",False,"maka BBM jenis Solar yang menjadi barang bukti dalam perkara ini merupakan jenis Bahan Bakar Minyak yang untuk Penyediaan, Pendistribusian maupun Harga Jual Ecerannya telah ada"
R035,rekap,35,11/PID.SUS/2020/PT PTK,"bahan bakar minyak, solar",True,teks PDF putusan sendiri,ya,ya,,yes,Dipertahankan,"Kata kunci bahan bakar minyak, solar ditemukan pada teks PDF putusan sendiri; BBM (Solar/Biosolar (subsidi)) adalah objek perkara.",False,menemukan 24 (dua puluh empat) jerigen yang berisikan bahan bakar minyak bersubsidi jenis solar dengan berat masing-masing jerigen sebesar 30 (tiga puluh) liter
R036,rekap,36,2494 K/Pid.Sus/2020,"BBM, bahan bakar minyak, solar",True,teks PDF putusan lain dalam rantai perkara yang sama,ya,ya,,yes,Dipertahankan,"Kata kunci BBM, bahan bakar minyak, solar ditemukan pada teks PDF putusan lain dalam rantai perkara yang sama; BBM (Solar/Biosolar (subsidi)) adalah objek perkara.",False,jerigen berisi bahan bakar minyak bersubsidi jenis solar tersebut merupakan milik terdakwa [nama] dan terdakwa [nama]
R037,rekap,37,12/Pid.Sus/2020/PN Ktp,"BBM, bahan bakar minyak, solar",True,teks PDF putusan sendiri,ya,ya,,yes,Dipertahankan,"Kata kunci BBM, bahan bakar minyak, solar ditemukan pada teks PDF putusan sendiri; BBM (Solar (status subsidi tidak disebut)) adalah objek perkara.",False,melakukan kegiatan usaha niaga Bahan Bakar Minyak tanpa izin usaha Niaga
R038,rekap,38,118/PID.SUS/2020/PT PTK,"BBM, bahan bakar minyak, solar",True,teks PDF putusan sendiri,ya,ya,,yes,Dipertahankan,"Kata kunci BBM, bahan bakar minyak, solar ditemukan pada teks PDF putusan sendiri; BBM (Solar (status subsidi tidak disebut)) adalah objek perkara.",False,Terdakwa menyadari adanya kesalahan melakukan Perniagaan Bahan Bakar Minyak (BBM) berupa Solar tanpa adanya izin Perniagaan
R039,rekap,39,119/Pid.Sus/2019/PN Kbr,"bahan bakar minyak, BBM, solar, biosolar",True,kutipan verbatim (bukti_kutipan),ya,ya,,yes,Dipertahankan,"Kata kunci bahan bakar minyak, BBM, solar, biosolar ditemukan pada kutipan verbatim (bukti_kutipan); BBM (Solar/Biosolar (subsidi)) adalah objek perkara.",False,terbukti secara sah dan meyakinkan bersalah melakukan tindak pidana turut serta menyimpan bahan bakar minyak tanpa izin usaha penyimpanan
R040,rekap,40,139/PID.SUS/2020/PT PDG,"BBM, bahan bakar minyak, solar, biosolar",True,teks PDF putusan sendiri,ya,ya,,yes,Dipertahankan,"Kata kunci BBM, bahan bakar minyak, solar, biosolar ditemukan pada teks PDF putusan sendiri; BBM (Solar/Biosolar (subsidi)) adalah objek perkara.",False,"mobil truk yang akan mengisi BBM, selanjutnya BBM jenis biosolar yang berada dalam tangki mobil truk tersebut disalin oleh saksi [nama] dengan menggunakan selang ke dalam jirigen"
R041,rekap,41,139/Pid.Sus/2020/PN Pyh,bahan bakar minyak,False,kutipan verbatim (bukti_kutipan),ya,ya,bukti kata kunci: ya; pokok perkara: ya; skeptis: ya,yes,Dipertahankan,Kata kunci bahan bakar minyak ditemukan pada kutipan verbatim (bukti_kutipan); BBM (Premium) adalah objek perkara. Hanya frasa lengkap 'bahan bakar minyak' (kepanjangan BBM) yang ditemukan; token literal 'BBM'/'solar'/dst. tidak ada di sumber yang tersedia.,True,"jerigen isi 35 liter yang berisikan bahan bakar minyak jenis premium sebanyak 155,585 ... liter Dirampas untuk negara"
R042,rekap,42,220/PID.SUS/2020/PT PDG,"bahan bakar minyak, BBM",True,teks PDF putusan sendiri,ya,ya,,yes,Dipertahankan,"Kata kunci bahan bakar minyak, BBM ditemukan pada teks PDF putusan sendiri; BBM (Premium) adalah objek perkara.",False,melanggar aturan dan dapat merugikan masyarakat (melakukan jual beli BBM bersubsidi tanpa ada surat izin dari pihak berwenang)
R043,rekap,43,120/Pid.Sus/2019/PN Kbr,"bahan bakar minyak, biosolar",True,kutipan verbatim (bukti_kutipan),ya,ya,,yes,Dipertahankan,"Kata kunci bahan bakar minyak, biosolar ditemukan pada kutipan verbatim (bukti_kutipan); BBM (Solar/Biosolar (subsidi)) adalah objek perkara.",False,27 (dua puluh tujuh) jerigen ukuran 30 liter minyak jenis bio solar; Dirampas untuk negara
R044,rekap,44,140/PID.SUS/2020/PT PDG,"BBM, bahan bakar minyak, solar, biosolar",True,teks PDF putusan sendiri,ya,ya,,yes,Dipertahankan,"Kata kunci BBM, bahan bakar minyak, solar, biosolar ditemukan pada teks PDF putusan sendiri; BBM (Solar/Biosolar (subsidi)) adalah objek perkara.",False,menurunkan Bahan Bakar Minyak Solar tersebut dirumah Terdakwa sebanyak 27 (dua puluh tujuh) Jerigen atau 810 (delapan ratus sepuluh liter) untuk disimpan
R045,rekap,45,34/Pid.Sus/2021/PN Ngb,"BBM, bahan bakar minyak, minyak tanah",True,teks PDF putusan sendiri,ya,ya,,yes,Dipertahankan,"Kata kunci BBM, bahan bakar minyak, minyak tanah ditemukan pada teks PDF putusan sendiri; BBM (Minyak tanah (non-subsidi)) adalah objek perkara.",False,terbukti secara sah dan meyakinkan bersalah melakukan tindak pidana “melakukan pengangkutan bahan bakar minyak tanpa Izin Usaha Pengangkutan”
R046,rekap,46,34/Pid.Sus/2021/PN Ngb,"BBM, bahan bakar minyak, minyak tanah",True,teks PDF bernomor sama (salinan di berkas lain),ya,ya,,yes,Dipertahankan,"Kata kunci BBM, bahan bakar minyak, minyak tanah ditemukan pada teks PDF bernomor sama (salinan di berkas lain); BBM (Minyak tanah (non-subsidi)) adalah objek perkara.",False,Minyak Tanah sekitar 600 liter yang ditempatkan dalam 3 (tiga) buah drum plastik warna biru kapasitas 200 liter | ... | terbukti secara sah dan meyakinkan bersalah melakukan tindak pidana melakukan pengangkutan bahan bakar minyak tanpa Izin Usaha Pengangkutan
R047,rekap,47,157/Pid.Sus/2021/PN Pti,"BBM, bahan bakar minyak, solar, biosolar",True,kutipan verbatim (bukti_kutipan),ya,ya,,yes,Dipertahankan,"Kata kunci BBM, bahan bakar minyak, solar, biosolar ditemukan pada kutipan verbatim (bukti_kutipan); BBM (Solar (status subsidi tidak disebut)) adalah objek perkara.",False,turut serta melakukan Usaha Niaga Bahan Bakar Minyak Tanpa Izin Usaha | BBM jenis solar sebanyak 14.920 liter (hasil pengukuran volume bahan bakar minyak dari Dinas Perdagangan dan Perindustrian Metrologi Legal Kabupaten Pati
R048,rekap,48,158/Pid.Sus/2021/PN Pti,"BBM, bahan bakar minyak, solar",True,kutipan verbatim (bukti_kutipan),ya,ya,,yes,Dipertahankan,"Kata kunci BBM, bahan bakar minyak, solar ditemukan pada kutipan verbatim (bukti_kutipan); BBM (Solar/Biosolar (status subsidi tidak disebut)) adalah objek perkara.",False,BBM jenis solar sebanyak 14.920 liter (hasil pengukuran volume bahan bakar minyak ... Metrologi Legal Kab.Pati tanggal 17 September 2021 | terbukti secara sah dan meyakinkan bersalah melakukan tindak pidana turut serta melakukan Usaha Niaga Bahan Bakar Minyak Tanpa Izin Usaha
R049,rekap,49,2536 K/Pid.Sus/2021,"BBM, solar, minyak tanah",True,teks PDF putusan sendiri,ya,ya,,yes,Dipertahankan,"Kata kunci BBM, solar, minyak tanah ditemukan pada teks PDF putusan sendiri; BBM (Minyak mentah; Solar (hasil olahan ilegal)) adalah objek perkara.",False,ditemukan barang bukti berupa 14.000 (empat belas ribu) liter minyak solar dalam 15 (lima belas) baby tank
R050,rekap,50,18/Pid.B/LH/2021/PN Krs,"BBM, bahan bakar minyak",True,kutipan verbatim (bukti_kutipan),ya,ya,,yes,Dipertahankan,"Kata kunci BBM, bahan bakar minyak ditemukan pada kutipan verbatim (bukti_kutipan); BBM (Premium (oplosan dengan tinner/kondensat)) adalah objek perkara.",False,terbukti ... bersalah melakukan tindak pidana meniru atau memalsukan Bahan Bakar Minyak dan Gas Bumi dan hasil olahan
R051,rekap,51,251/PID.SUS-LH/2021/PT SBY,"BBM, bahan bakar minyak",True,teks PDF putusan sendiri,ya,ya,,yes,Dipertahankan,"Kata kunci BBM, bahan bakar minyak ditemukan pada teks PDF putusan sendiri; BBM (Premium (oplosan dengan tinner/kondensat)) adalah objek perkara.",False,terdakwa sedang melakukan pencampuran atau pengoplosan Bahan Bakar Minyak (BBM) jenis premium dengan tinner yang di campuri dengan pewarna
R052,rekap,52,3877 K/Pid.Sus-LH/2021,BBM,True,teks PDF putusan lain dalam rantai perkara yang sama,ya,ya,,yes,Dipertahankan,Kata kunci BBM ditemukan pada teks PDF putusan lain dalam rantai perkara yang sama; BBM (Premium (oplosan dengan tinner/kondensat)) adalah objek perkara.,False,pada saat ditangkap memproduksi total keseluruhan 1.210 liter BBM Jenis Premium yang telah dicampur
R053,rekap,53,19/Pid.B/LH/2021/PN Tkn,"BBM, bahan bakar minyak",True,teks PDF putusan lain dalam rantai perkara yang sama,ya,ya,,yes,Dipertahankan,"Kata kunci BBM, bahan bakar minyak ditemukan pada teks PDF putusan lain dalam rantai perkara yang sama; BBM (Premium) adalah objek perkara.",False,premium tanpa izin usaha niaga” sebagaimana dalam dakwaan tunggal; ... - 117 (seratus tujuh belas) liter bahan bakar minyak jenis premium; Masing-masing dirampas untuk negara;
R054,rekap,54,121/PID/LH/2021/PT BNA,"BBM, bahan bakar minyak",True,teks PDF putusan sendiri,ya,ya,,yes,Dipertahankan,"Kata kunci BBM, bahan bakar minyak ditemukan pada teks PDF putusan sendiri; BBM (Premium) adalah objek perkara.",False,Terdakwa membeli BBM jenis premium sejumlah 117 (seratus tujuh belas) liter menggunakan 1 (satu) unit mobi Kijang Super KF 40 Short No. Pol. BL 436 AL dan 3 (tiga) drum besi
R055,rekap,55,1493 K/PID.SUS/2021,"BBM, bahan bakar minyak, solar, biosolar",True,teks PDF putusan lain dalam rantai perkara yang sama,ya,ya,,yes,Dipertahankan,"Kata kunci BBM, bahan bakar minyak, solar, biosolar ditemukan pada teks PDF putusan lain dalam rantai perkara yang sama; BBM (Solar/Biosolar (subsidi)) adalah objek perkara.",False,[nama] untuk membeli Bahan Bakar Minyak jenis Biosolar sebanyak 30 Jerigen
R056,rekap,56,4116 K/Pid.Sus/2021,bahan bakar minyak,False,teks PDF putusan lain dalam rantai perkara yang sama,ya,ya,bukti kata kunci: ya; pokok perkara: ya; skeptis: ya,yes,Dipertahankan,Kata kunci bahan bakar minyak ditemukan pada teks PDF putusan lain dalam rantai perkara yang sama; BBM (Premium) adalah objek perkara. Hanya frasa lengkap 'bahan bakar minyak' (kepanjangan BBM) yang ditemukan; token literal 'BBM'/'solar'/dst. tidak ada di sumber yang tersedia.,True,Bahwa terdakwa dalam melakukan pengangkutan bahan bakar minyak jenis premium tersebut tidak ada memiliki izin dari pihak yang berwenang
R057,rekap,57,65/Pid.Sus/2021/PN Mtp,"BBM, bahan bakar minyak, solar, minyak tanah",True,teks PDF putusan sendiri,ya,ya,,yes,Dipertahankan,"Kata kunci BBM, bahan bakar minyak, solar, minyak tanah ditemukan pada teks PDF putusan sendiri; BBM (Solar (non-subsidi/industri)) adalah objek perkara.",False,BBM jenis Solar yang dijual oleh PT. RESSA RABBY LESTARI ... merupakan BBM jenis Solar non subsidi
R058,rekap,58,105/PID.SUS/2021/PT BJM,"BBM, bahan bakar minyak, solar",True,teks PDF putusan sendiri,ya,ya,,yes,Dipertahankan,"Kata kunci BBM, bahan bakar minyak, solar ditemukan pada teks PDF putusan sendiri; BBM (Solar (non-subsidi/industri)) adalah objek perkara.",False,"8924 PN, BBM jenis solar tersebut dibeli seharga Rp.30.000.000,00"
R059,rekap,59,220/Pid.Sus/2020/PN Smp,"BBM, bahan bakar minyak, solar",True,teks PDF putusan sendiri,ya,ya,,yes,Dipertahankan,"Kata kunci BBM, bahan bakar minyak, solar ditemukan pada teks PDF putusan sendiri; BBM (Solar (non-subsidi/industri)) adalah objek perkara.",False,sejak bulan September 2019 sampai dengan bulan November 2019 melakukan kegiatan jual beli BBM jenis solar non subsidi
R060,rekap,60,220/Pid.Sus/2020/PN Smp,"BBM, bahan bakar minyak, solar",True,teks PDF bernomor sama (salinan di berkas lain),ya,ya,,yes,Dipertahankan,"Kata kunci BBM, bahan bakar minyak, solar ditemukan pada teks PDF bernomor sama (salinan di berkas lain); BBM (Solar (non-subsidi/industri)) adalah objek perkara.",False,200 Liter BBM jenis Solar ... dan barang bukti 400 liter BBM jenis Solar ... yang disita dari PT. Garam
R061,rekap,61,5/Pid.Sus/2021/PN Pti,"BBM, bahan bakar minyak, solar",True,teks PDF putusan sendiri,ya,ya,,yes,Dipertahankan,"Kata kunci BBM, bahan bakar minyak, solar ditemukan pada teks PDF putusan sendiri; BBM (Solar (non-subsidi/industri)) adalah objek perkara.",False,Bahan bakar minyak jenis solar sebanyak ± 6000 liter yang diambil dari tangki KM. Putra Mina Bahari
R062,rekap,62,231/Pid.Sus/2020/PN Mtp,"BBM, bahan bakar minyak",True,teks PDF putusan sendiri,ya,ya,,yes,Dipertahankan,"Kata kunci BBM, bahan bakar minyak ditemukan pada teks PDF putusan sendiri; BBM (Premium) adalah objek perkara.",False,terbukti secara sah dan meyakinkan bersalah melakukan tindak pidana MELAKUKAN TATA NIAGA BBM TANPA IJIN
R063,rekap,63,3871 K/Pid.Sus/2021,"BBM, bahan bakar minyak",True,teks PDF putusan lain dalam rantai perkara yang sama,ya,ya,,yes,Dipertahankan,"Kata kunci BBM, bahan bakar minyak ditemukan pada teks PDF putusan lain dalam rantai perkara yang sama; BBM (Premium) adalah objek perkara.",False,PN: 70 (tujuh puluh) jerigen ... BBM Jenis Premium/Bensin dengan jumlah keseluruhan 2.450 ... liter
R064,rekap,64,195/Pid.Sus/2020/PN Sdw,"BBM, bahan bakar minyak, pertalite, solar, minyak tanah",True,teks PDF putusan sendiri,ya,ya,,yes,Dipertahankan,"Kata kunci BBM, bahan bakar minyak, pertalite, solar, minyak tanah ditemukan pada teks PDF putusan sendiri; BBM (Pertalite) adalah objek perkara.",False,10 (Sepuluh) buah jerigen plastik kapasitas 20 liter yang berisi bahan bakar minyak jenis pertalite
R065,rekap,65,65/PID/2021/PT SMR,"BBM, bahan bakar minyak, pertalite",True,teks PDF putusan sendiri,ya,ya,,yes,Dipertahankan,"Kata kunci BBM, bahan bakar minyak, pertalite ditemukan pada teks PDF putusan sendiri; BBM (Pertalite) adalah objek perkara.",False,10 (Sepuluh) buah jerigen plastik kapasitas 20 liter yang berisi bahan bakar minyak jenis pertalite; Dirampas untuk negara;
R066,rekap,66,4922 K/Pid.Sus/2022,"BBM, bahan bakar minyak, minyak tanah",True,teks PDF putusan sendiri,ya,ya,,yes,Dipertahankan,"Kata kunci BBM, bahan bakar minyak, minyak tanah ditemukan pada teks PDF putusan sendiri; BBM (Minyak tanah (non-subsidi)) adalah objek perkara.",False,terbukti secara sah dan meyakinkan bersalah melakukan tind ak pidana “Melakukan pengangkutan bahan bakar minyak tanpa Izin Usaha Pengangkutan”
R067,rekap,67,25 K/Pid.Sus/2022,"BBM, bahan bakar minyak",True,teks PDF putusan sendiri,ya,ya,,yes,Dipertahankan,"Kata kunci BBM, bahan bakar minyak ditemukan pada teks PDF putusan sendiri; BBM (Premium) adalah objek perkara.",False,"terbukti secara sah dan meyakinkan bersalah melakukan tindak pidana ""Mengangkut BBM tanpa izin usaha pengangkutan"""
R068,rekap,68,85 K/Pid.Sus/2022,"BBM, solar, bahan bakar minyak",True,teks PDF putusan sendiri,ya,ya,,yes,Dipertahankan,"Kata kunci BBM, solar, bahan bakar minyak ditemukan pada teks PDF putusan sendiri; BBM (Solar (status subsidi tidak disebut)) adalah objek perkara.",False,Terdakwa telah membeli bahan bakar minyak (BBM) jenis solar sebanyak 420 (empat ratus dua puluh) liter di dalam drum plastik
R069,rekap,69,77 K/Pid.Sus/2022,"bahan bakar minyak, solar",True,teks PDF putusan lain dalam rantai perkara yang sama,ya,ya,,yes,Dipertahankan,"Kata kunci bahan bakar minyak, solar ditemukan pada teks PDF putusan lain dalam rantai perkara yang sama; BBM (Solar (status subsidi tidak disebut)) adalah objek perkara.",False,"PN Ktp: pada hari Selasa tanggal 07 Mei 2019 ... menemukan Bahan Bakar Minyak jenis solar sebanyak 3.890,224 liter"
R070,rekap,70,249 K/Pid.Sus-LH/2022,bahan bakar minyak,False,teks PDF putusan sendiri,ya,ya,bukti kata kunci: ya; pokok perkara: ya; skeptis: ya,yes,Dipertahankan,Kata kunci bahan bakar minyak ditemukan pada teks PDF putusan sendiri; BBM (Premium) adalah objek perkara. Hanya frasa lengkap 'bahan bakar minyak' (kepanjangan BBM) yang ditemukan; token literal 'BBM'/'solar'/dst. tidak ada di sumber yang tersedia.,True,- 117 (seratus tujuh belas) liter bahan bakar minyak jenis premium; Dirampas untuk negara;
R071,rekap,71,337 K/Pid.Sus/2022,"BBM, bahan bakar minyak, solar",True,teks PDF putusan lain dalam rantai perkara yang sama,ya,ya,,yes,Dipertahankan,"Kata kunci BBM, bahan bakar minyak, solar ditemukan pada teks PDF putusan lain dalam rantai perkara yang sama; BBM (Solar (status subsidi tidak disebut)) adalah objek perkara.",False,menemukan sebanyak 2000 Liter BBM jenis solar dalam 10 drum yang diakui sebagai milik terdakwa
R072,rekap,72,3393 K/PID.SUS/2022,"BBM, bahan bakar minyak, solar",True,teks PDF putusan lain dalam rantai perkara yang sama,ya,ya,,yes,Dipertahankan,"Kata kunci BBM, bahan bakar minyak, solar ditemukan pada teks PDF putusan lain dalam rantai perkara yang sama; BBM (Solar (non-subsidi/industri)) adalah objek perkara.",False,"sebanyak 5.000,- (lima ribu) liter BBM jenis solar, dengan harga perliter BBM"
R073,rekap,73,439 K/Pid.Sus/2022,"BBM, bahan bakar minyak, solar",True,teks PDF putusan sendiri,ya,ya,,yes,Dipertahankan,"Kata kunci BBM, bahan bakar minyak, solar ditemukan pada teks PDF putusan sendiri; BBM (Solar (non-subsidi/industri)) adalah objek perkara.",False,"""Melakukan Niaga BBM Tanpa Ijin Usaha Niaga;"
R074,rekap,74,3678 K/Pid.Sus/2022,"BBM, bahan bakar minyak, solar",True,teks PDF putusan lain dalam rantai perkara yang sama,ya,ya,,yes,Dipertahankan,"Kata kunci BBM, bahan bakar minyak, solar ditemukan pada teks PDF putusan lain dalam rantai perkara yang sama; BBM (Solar (non-subsidi/industri)) adalah objek perkara.",False,PN Pti: Bahan bakar minyak jenis solar sebanyak ± 6000 liter yang diambil dari tangki KM. Putra Mina Bahari
R075,rekap,75,141/Pid.Sus/2022/PN Gdt,"BBM, bahan bakar minyak, solar",True,kutipan verbatim (bukti_kutipan),ya,ya,,yes,Dipertahankan,"Kata kunci BBM, bahan bakar minyak, solar ditemukan pada kutipan verbatim (bukti_kutipan); BBM (Solar/Biosolar (subsidi)) adalah objek perkara.",False,terbukti secara sah dan meyakinkan bersalah melakukan tindak pidana Menyalahgunakan Pengangkutan dan Niaga Bahan Bakar Minyak yang disubsidi Pemerintah
R076,rekap,76,205/Pid.Sus/2021/PN Gdt,"bahan bakar minyak, solar",True,kutipan verbatim (bukti_kutipan),ya,ya,,yes,Dipertahankan,"Kata kunci bahan bakar minyak, solar ditemukan pada kutipan verbatim (bukti_kutipan); BBM (Premium; Solar/Biosolar (status subsidi tidak disebut); Pertalite; Pertamax) adalah objek perkara.",False,5 (lima) jerigen bahan bakar minyak jenis Solar masing-masing jerigen berisi 35 liter
R077,rekap,77,4533 K/PID.SUS/2022,bahan bakar minyak,False,kutipan verbatim (bukti_kutipan),ya,ya,bukti kata kunci: ya; pokok perkara: ya; skeptis: ya,yes,Dipertahankan,Kata kunci bahan bakar minyak ditemukan pada kutipan verbatim (bukti_kutipan); BBM (Premium; Solar/Biosolar (status subsidi tidak disebut); Pertalite; Pertamax) adalah objek perkara. Hanya frasa lengkap 'bahan bakar minyak' (kepanjangan BBM) yang ditemukan; token literal 'BBM'/'solar'/dst. tidak ada di sumber yang tersedia.,True,51 (lima puluh satu) jerigen bahan bakar minyak jenis Premium (bensin) masing-masing jerigen berisi 35 (tiga puluh lima) liter
R078,rekap,78,3923 K/Pid.Sus/2022,"BBM, bahan bakar minyak, pertalite",True,teks PDF putusan sendiri,ya,ya,,yes,Dipertahankan,"Kata kunci BBM, bahan bakar minyak, pertalite ditemukan pada teks PDF putusan sendiri; BBM (Pertalite) adalah objek perkara.",False,Bahwa Terdakwa tidak punya izin untuk mengangkut BBM maupun tidak punya izin usaha dari pejabat yang berwenang
R079,rekap,79,104 K/Pid.Sus/2022,"BBM, bahan bakar minyak, biosolar",True,teks PDF putusan sendiri,ya,ya,,yes,Dipertahankan,"Kata kunci BBM, bahan bakar minyak, biosolar ditemukan pada teks PDF putusan sendiri; BBM (Solar/Biosolar (subsidi)) adalah objek perkara.",False,Bahan Bakar Minyak (BBM) jenis bio solar sebanyak 27 (dua puluh tujuh) jerigen yang masing-masing jerigen berisi 30 (tiga puluh) liter
R080,rekap,80,580 PK/Pid.Sus/2023,"BBM, bahan bakar minyak, minyak tanah",True,teks PDF putusan sendiri,ya,ya,,yes,Dipertahankan,"Kata kunci BBM, bahan bakar minyak, minyak tanah ditemukan pada teks PDF putusan sendiri; BBM (Minyak tanah (non-subsidi)) adalah objek perkara.",False,telah mengangkut 3 (tiga) drum plastik minyak tanah non subsidi dengan kendaraan mobil Mitsubishi pick up L300 dengan tujuan untuk dijual kepada masyarakat
R081,rekap,81,251/PID.SUS/2022/PT TJK,"BBM, solar",True,kutipan verbatim (bukti_kutipan),ya,ya,,yes,Dipertahankan,"Kata kunci BBM, solar ditemukan pada kutipan verbatim (bukti_kutipan); BBM (Solar/Biosolar (subsidi)) adalah objek perkara.",False,PN: hasil lelang 6 (enam) dirigen yang berisi 197 ... liter BBM bersubsidi jenis solar
R082,rekap,82,1258 K/Pid.Sus/2023,"BBM, solar",True,kutipan verbatim (bukti_kutipan),ya,ya,,yes,Dipertahankan,"Kata kunci BBM, solar ditemukan pada kutipan verbatim (bukti_kutipan); BBM (Solar/Biosolar (subsidi)) adalah objek perkara.",False,PN: hasil lelang 6 (enam) dirigen yang berisi 197 ... liter BBM bersubsidi jenis solar
R083,rekap,83,182/Pid.B/LH/2023/PN.Jkt.Tim,"bahan bakar minyak, solar",True,kutipan verbatim (bukti_kutipan),ya,ya,,yes,Dipertahankan,"Kata kunci bahan bakar minyak, solar ditemukan pada kutipan verbatim (bukti_kutipan); BBM (Solar (status subsidi tidak disebut)) adalah objek perkara.",False,27.911 (dua puluh tujuh ribu sembilan ratus sebelas) liter Bahan Bakar Minyak jenis solar
R084,rekap,84,14/Pid.B/LH/2023/PN Bla,"BBM, bahan bakar minyak, solar",True,kutipan verbatim (bukti_kutipan),ya,ya,,yes,Dipertahankan,"Kata kunci BBM, bahan bakar minyak, solar ditemukan pada kutipan verbatim (bukti_kutipan); BBM (Solar/Biosolar (subsidi); Minyak mentah) adalah objek perkara.",False,"bersalah melakukan tindak pidana Turut Serta Memalsukan Bahan Bakar Minyak, sebagaimana dalam dakwaan alternatif kedua"
R085,rekap,85,262/PID.SUS/2023/PT SMG,"BBM, bahan bakar minyak, solar, minyak tanah",True,teks PDF putusan sendiri,ya,ya,,yes,Dipertahankan,"Kata kunci BBM, bahan bakar minyak, solar, minyak tanah ditemukan pada teks PDF putusan sendiri; BBM (Solar/Biosolar (subsidi); Minyak mentah) adalah objek perkara.",False,dengan rincian 16000 liter merupakan BBM jenis solar bersubsidi dan 8000 liter minyak mentah wonocolo
R086,rekap,86,4236 K/Pid.Sus-LH/2023,"BBM, bahan bakar minyak, solar",True,teks PDF putusan lain dalam rantai perkara yang sama,ya,ya,,yes,Dipertahankan,"Kata kunci BBM, bahan bakar minyak, solar ditemukan pada teks PDF putusan lain dalam rantai perkara yang sama; BBM (Solar/Biosolar (subsidi); Minyak mentah) adalah objek perkara.",False,bersalah melakukan tindak pidana Turut serta Menyalahgunakan Pengangkutan dan atau Niaga bahan bakar minyak yang disubsidi Pemerintah
R087,rekap,87,512/Pid.Sus/LH/2022/PN Jmb,"BBM, bahan bakar minyak, solar",True,kutipan verbatim (bukti_kutipan),ya,ya,,yes,Dipertahankan,"Kata kunci BBM, bahan bakar minyak, solar ditemukan pada kutipan verbatim (bukti_kutipan); BBM (Solar/HSD (status subsidi tidak disebut)) adalah objek perkara.",False,200 Liter Bahan Bakar Minyak Jenis Solar
R088,rekap,88,12/PID.SUS-LH/2023/PT JMB,"BBM, bahan bakar minyak, solar",True,teks PDF putusan sendiri,ya,ya,,yes,Dipertahankan,"Kata kunci BBM, bahan bakar minyak, solar ditemukan pada teks PDF putusan sendiri; BBM (Solar/HSD (status subsidi tidak disebut)) adalah objek perkara.",False,akibat perbuatan Terdakwa telah terjadi kerusakan lingkungan akibat dari penyimpanan bahan bakar minyak yang berada di gudang menyimpanan milik Terdakwa
R089,rekap,89,3595 K/Pid.Sus-LH/2023,"BBM, bahan bakar minyak, solar",True,teks PDF putusan lain dalam rantai perkara yang sama,ya,ya,,yes,Dipertahankan,"Kata kunci BBM, bahan bakar minyak, solar ditemukan pada teks PDF putusan lain dalam rantai perkara yang sama; BBM (Solar/HSD (status subsidi tidak disebut)) adalah objek perkara.",False,± 200 liter Bahan Bakar Minyak jenis Solar
R090,rekap,90,284/PID.B/LH/2023/PT MDN,"BBM, bahan bakar minyak, solar",True,kutipan verbatim (bukti_kutipan),ya,ya,,yes,Dipertahankan,"Kata kunci BBM, bahan bakar minyak, solar ditemukan pada kutipan verbatim (bukti_kutipan); BBM (Solar/Biosolar (subsidi)) adalah objek perkara.",False,2 (dua) buah Baby Tank Plastik ... berisi bahan bakar minyak subsidai jenis solar sebanyak kurang lebih 1500 (seribu lima ratus) liter
R091,rekap,91,3987 K/Pid.Sus/2023,"BBM, bahan bakar minyak, solar",True,teks PDF putusan sendiri,ya,ya,,yes,Dipertahankan,"Kata kunci BBM, bahan bakar minyak, solar ditemukan pada teks PDF putusan sendiri; BBM (Solar/Biosolar (subsidi)) adalah objek perkara.",False,Terdakwa membeli B ahan Bakar Minyak (BBM) jenis solar subsidi dengan menggunakan 1 (satu) unit mobil jenis pick up L300 merek Mitsubishi nomor polisi BK 8119 YN
R092,rekap,92,334/Pid.Sus/2022/PN Sbg,"bahan bakar minyak, solar",True,kutipan verbatim (bukti_kutipan),ya,ya,,yes,Dipertahankan,"Kata kunci bahan bakar minyak, solar ditemukan pada kutipan verbatim (bukti_kutipan); BBM (Solar (status subsidi tidak disebut)) adalah objek perkara.",False,Bahan Bakar Minyak Jenis Solar sebanyak 2 (dua) jerigen/jeriken
R093,rekap,93,411/PID.SUS/2023/PT MDN,"bahan bakar minyak, solar",True,teks PDF putusan lain dalam rantai perkara yang sama,ya,ya,,yes,Dipertahankan,"Kata kunci bahan bakar minyak, solar ditemukan pada teks PDF putusan lain dalam rantai perkara yang sama; BBM (Solar (status subsidi tidak disebut)) adalah objek perkara.",False,Bahan Bakar Minyak Jenis Solar sebanyak 2 (dua) jerigen/jeriken
R094,rekap,94,5569 K/Pid.Sus/2023,"BBM, bahan bakar minyak, solar",True,teks PDF putusan sendiri,ya,ya,,yes,Dipertahankan,"Kata kunci BBM, bahan bakar minyak, solar ditemukan pada teks PDF putusan sendiri; BBM (Solar (status subsidi tidak disebut)) adalah objek perkara.",False,pada kapal ditemukan 60 (enam puluh) ton solar dalam 3 (tiga) palka di depan kapal
R095,rekap,95,5592 K/Pid.Sus/2023,"BBM, bahan bakar minyak, solar",True,teks PDF putusan sendiri,ya,ya,,yes,Dipertahankan,"Kata kunci BBM, bahan bakar minyak, solar ditemukan pada teks PDF putusan sendiri; BBM (Solar/Biosolar (subsidi)) adalah objek perkara.",False,1 (satu) buah tandon berisi bahan bakar minyak (BBM) bersubsidi jenis solar sebanyak 920 liter
R096,rekap,96,5786 K/Pid.Sus/2023,"BBM, bahan bakar minyak, solar, biosolar",True,teks PDF putusan sendiri,ya,ya,,yes,Dipertahankan,"Kata kunci BBM, bahan bakar minyak, solar, biosolar ditemukan pada teks PDF putusan sendiri; BBM (Solar/Biosolar (subsidi)) adalah objek perkara.",False,Bahwa Terdakwa [nama] sejak tahun 2020 membeli Bahan Bakar Minyak subsidi jen is Bio Solar di SPBU 74.943.14 Sirenja
R097,rekap,97,2530 K/Pid.Sus/2023,"BBM, bahan bakar minyak, solar, biosolar",True,teks PDF putusan sendiri,ya,ya,,yes,Dipertahankan,"Kata kunci BBM, bahan bakar minyak, solar, biosolar ditemukan pada teks PDF putusan sendiri; BBM (Solar/Biosolar (subsidi)) adalah objek perkara.",False,"Bahwa Te rdakwa dalam menjual BBM jenis solar pada SPBN Tanjung Lalak Selatan dengan harga Rp5.800, 00 (Iima ribu delapan ratus rupiah) per liter di atas harga yang ditetapkan oleh pemerintah"
R098,rekap,98,410/Pid.B/LH/2022/PN Pkb,"BBM, bahan bakar minyak, solar",True,teks PDF putusan lain dalam rantai perkara yang sama,ya,ya,,yes,Dipertahankan,"Kata kunci BBM, bahan bakar minyak, solar ditemukan pada teks PDF putusan lain dalam rantai perkara yang sama; BBM (Solar/Biosolar (subsidi)) adalah objek perkara.",False,1 (satu) tangki steinless steel kapasitas 5.400 (lima ribu lima ratus) liter berisi BBM Solar
R099,rekap,99,57/PID.LH/2023/PT PLG,"BBM, bahan bakar minyak, solar",True,teks PDF putusan sendiri,ya,ya,,yes,Dipertahankan,"Kata kunci BBM, bahan bakar minyak, solar ditemukan pada teks PDF putusan sendiri; BBM (Solar/Biosolar (subsidi)) adalah objek perkara.",False,memindahkan BBM Solar Subsidi dari mobil yang mengirim ke drum dan tangki penampungan serta mencatat keluar masuk BBM solar subsidi.
R100,rekap,100,3773 K/Pid.Sus.LH/2023,"BBM, bahan bakar minyak, solar",True,teks PDF putusan sendiri,ya,ya,,yes,Dipertahankan,"Kata kunci BBM, bahan bakar minyak, solar ditemukan pada teks PDF putusan sendiri; BBM (Solar/Biosolar (subsidi)) adalah objek perkara.",False,tanggung jawab memindahkan Bahan Bakar Minyak (BBM) solar subsidi dari mobil yang mengirim ke drum dan tangki penampungan
R101,rekap,101,117/Pid.Sus/2023/PN Unr,"BBM, bahan bakar minyak, solar, biosolar, minyak tanah",True,teks PDF putusan sendiri,ya,ya,,yes,Dipertahankan,"Kata kunci BBM, bahan bakar minyak, solar, biosolar, minyak tanah ditemukan pada teks PDF putusan sendiri; BBM (Solar/Biosolar (subsidi)) adalah objek perkara.",False,untuk membicarakan masalah pembelian BBM BIOSOLAR sejumlah 16.000 (Enam belas ribu) liter pesanan dari Saksi [nama]
R102,rekap,102,659/PID.SUS/2023/PT SMG,"BBM, bahan bakar minyak, solar, biosolar",True,teks PDF putusan lain dalam rantai perkara yang sama,ya,ya,,yes,Dipertahankan,"Kata kunci BBM, bahan bakar minyak, solar, biosolar ditemukan pada teks PDF putusan lain dalam rantai perkara yang sama; BBM (Solar/Biosolar (subsidi)) adalah objek perkara.",False,untuk membicarakan masalah pembelian BBM BIOSOLAR sejumlah 16.000 (Enam belas ribu) liter pesanan dari Saksi [nama]
R103,rekap,103,35/Pid.B/LH/2023/PN Tbn,"BBM, bahan bakar minyak, solar",True,teks PDF putusan lain dalam rantai perkara yang sama,ya,ya,,yes,Dipertahankan,"Kata kunci BBM, bahan bakar minyak, solar ditemukan pada teks PDF putusan lain dalam rantai perkara yang sama; BBM (Solar/Biosolar (subsidi)) adalah objek perkara.",False,terbukti secara sah dan meyakinkan bersalah melakukan tindak pidana Penyalahgunaan Pengangkutan Dan / Atau Niaga Bahan Bakar Minyak Yang Disubsidi Pemerintah
R104,rekap,104,588/PID.SUS-LH/2023/PT SBY,"BBM, bahan bakar minyak, solar",True,teks PDF putusan sendiri,ya,ya,,yes,Dipertahankan,"Kata kunci BBM, bahan bakar minyak, solar ditemukan pada teks PDF putusan sendiri; BBM (Solar/Biosolar (subsidi)) adalah objek perkara.",False,di duga ada penyalahgunaan BBM bersubsidi jenis solar yang di beli dari SPBU
R105,rekap,105,4506 K/Pid.Sus-LH/2023,"BBM, bahan bakar minyak, solar",True,teks PDF putusan sendiri,ya,ya,,yes,Dipertahankan,"Kata kunci BBM, bahan bakar minyak, solar ditemukan pada teks PDF putusan sendiri; BBM (Solar/Biosolar (subsidi)) adalah objek perkara.",False,Terdakwa terbukti telah membeli BBM (Bahan Bakar Minyak) bersubsidi tanpa izin serta menjualnya kembali dengan harga yang lebih mahal
R106,rekap,106,333/Pid.Sus/2022/PN Sbg,"BBM, bahan bakar minyak, solar",True,teks PDF putusan lain dalam rantai perkara yang sama,ya,ya,,yes,Dipertahankan,"Kata kunci BBM, bahan bakar minyak, solar ditemukan pada teks PDF putusan lain dalam rantai perkara yang sama; BBM (Solar/Biosolar (subsidi)) adalah objek perkara.",False,Bahan Bakar Minyak Jenis Solar sebanyak 2 (dua) jerigen/jeriken
R107,rekap,107,4814 K/Pid.Sus/2023,"BBM, bahan bakar minyak, solar",True,teks PDF putusan sendiri,ya,ya,,yes,Dipertahankan,"Kata kunci BBM, bahan bakar minyak, solar ditemukan pada teks PDF putusan sendiri; BBM (Solar/Biosolar (subsidi)) adalah objek perkara.",False,Bahwa BBM Solar adalah termasuk kategori BBM bersubsidi
R108,rekap,108,336/Pid.Sus/2022/PN Sbg,"BBM, bahan bakar minyak, solar",True,teks PDF putusan lain dalam rantai perkara yang sama,ya,ya,,yes,Dipertahankan,"Kata kunci BBM, bahan bakar minyak, solar ditemukan pada teks PDF putusan lain dalam rantai perkara yang sama; BBM (Solar/Biosolar (subsidi)) adalah objek perkara.",False,Bahan Bakar Minyak Jenis Solar sebanyak 2 (dua) jerigen/jeriken
R109,rekap,109,3221 K/Pid.Sus/2023,"BBM, bahan bakar minyak, solar",True,teks PDF putusan sendiri,ya,ya,,yes,Dipertahankan,"Kata kunci BBM, bahan bakar minyak, solar ditemukan pada teks PDF putusan sendiri; BBM (Solar/Biosolar (subsidi)) adalah objek perkara.",False,"berisikan 60 (enam puluh) ton Bahan Bakar Minyak (BBM) jenis solar, namun tidak ditemukan surat-surat dari pejabat berwenang"
R110,rekap,110,72/Pid.Sus/2023/PN Rbg,"BBM, bahan bakar minyak, solar, biosolar, minyak tanah",True,teks PDF putusan sendiri,ya,ya,,yes,Dipertahankan,"Kata kunci BBM, bahan bakar minyak, solar, biosolar, minyak tanah ditemukan pada teks PDF putusan sendiri; BBM (Solar/Biosolar (subsidi)) adalah objek perkara.",False,2. BBM BIO SOLAR 1.000 Liter yang dimuat dakam 1Drum Pinguin;
R111,rekap,111,639/PID.SUS/2023/PT SMG,"BBM, bahan bakar minyak, solar, biosolar",True,teks PDF putusan sendiri,ya,ya,,yes,Dipertahankan,"Kata kunci BBM, bahan bakar minyak, solar, biosolar ditemukan pada teks PDF putusan sendiri; BBM (Solar/Biosolar (subsidi)) adalah objek perkara.",False,penyimpangan/penyalahgunaan BBM Subsidi dari Pemerintah
R112,rekap,112,123/Pid.Sus/2022/PN Lbo,"BBM, bahan bakar minyak, solar, biosolar",True,teks PDF putusan lain dalam rantai perkara yang sama,ya,ya,,yes,Dipertahankan,"Kata kunci BBM, bahan bakar minyak, solar, biosolar ditemukan pada teks PDF putusan lain dalam rantai perkara yang sama; BBM (Solar/Biosolar (subsidi)) adalah objek perkara.",False,"- 2 (dua) galon berukuran 25 (dua puluh lima) liter berisi BBM jenis solar,"
R113,rekap,113,21/PID.SUS/2023/PT GTO,"BBM, bahan bakar minyak, solar, biosolar",True,teks PDF putusan sendiri,ya,ya,,yes,Dipertahankan,"Kata kunci BBM, bahan bakar minyak, solar, biosolar ditemukan pada teks PDF putusan sendiri; BBM (Solar/Biosolar (subsidi)) adalah objek perkara.",False,- 2 (dua) gallon berukuran 25 liter berisi BBM jenis solar;
R114,rekap,114,4520 K/Pid.Sus/2023,"BBM, bahan bakar minyak, solar, biosolar",True,teks PDF bernomor sama (salinan di berkas lain),ya,ya,,yes,Dipertahankan,"Kata kunci BBM, bahan bakar minyak, solar, biosolar ditemukan pada teks PDF bernomor sama (salinan di berkas lain); BBM (Solar/Biosolar (subsidi)) adalah objek perkara.",False,kegiatan menampung dan menjual BBM jenis solar bersubsidi;
R115,rekap,115,87/Pid.Sus/2024/PN Cjr,"BBM, bahan bakar minyak, pertalite",True,kutipan verbatim (bukti_kutipan),ya,ya,,yes,Dipertahankan,"Kata kunci BBM, bahan bakar minyak, pertalite ditemukan pada kutipan verbatim (bukti_kutipan); BBM (Pertalite) adalah objek perkara.",False,telah terbukti secara sah dan meyakinkan bersalah melakukan Tindak Pidana Turut serta menyalahgunakan pengangkutan dan/atau niaga bahan bakar minyak yang disubsidi
R116,rekap,116,163/Pid.Sus/2024/PN Cjr,"BBM, bahan bakar minyak, pertalite",True,kutipan verbatim (bukti_kutipan),ya,ya,,yes,Dipertahankan,"Kata kunci BBM, bahan bakar minyak, pertalite ditemukan pada kutipan verbatim (bukti_kutipan); BBM (Pertalite) adalah objek perkara.",False,2 (dua) jerigen yang berisikan 35 (tiga puluh lima) liter (bahan bakar minyak bersubsidi) jenis Pertalite
R117,rekap,117,56 K/Pid.Sus/2024,"BBM, bahan bakar minyak, solar, biosolar",True,teks PDF putusan sendiri,ya,ya,,yes,Dipertahankan,"Kata kunci BBM, bahan bakar minyak, solar, biosolar ditemukan pada teks PDF putusan sendiri; BBM (Solar/Biosolar (subsidi)) adalah objek perkara.",False,tanggal 27 Maret 2021 telah menjual Bahan Bakar Minyak (BBM) jenis biosolar sejumlah 16.000 (enam belas ribu) liter
R118,rekap,118,1304 K/Pid.Sus/2024,"BBM, bahan bakar minyak, solar, biosolar",True,teks PDF putusan sendiri,ya,ya,,yes,Dipertahankan,"Kata kunci BBM, bahan bakar minyak, solar, biosolar ditemukan pada teks PDF putusan sendiri; BBM (Solar/Biosolar (subsidi)) adalah objek perkara.",False,2.000 (dua ribu) liter Terdakwa beli BBM jenis Solar Subsidi dari [nama]
R119,rekap,119,1272 PK/Pid.Sus/2024,"BBM, bahan bakar minyak, solar",True,teks PDF putusan sendiri,ya,ya,,yes,Dipertahankan,"Kata kunci BBM, bahan bakar minyak, solar ditemukan pada teks PDF putusan sendiri; BBM (Solar/Biosolar (subsidi)) adalah objek perkara.",False,"- 2 (dua) galon berukuran 25 (dua puluh lima) liter berisi BBM jenis solar,"
R120,rekap,120,43-K/PM.II-11/AD/IX/2025,"BBM, bahan bakar minyak, pertalite",True,teks PDF putusan sendiri,ya,ya,,yes,Dipertahankan,"Kata kunci BBM, bahan bakar minyak, pertalite ditemukan pada teks PDF putusan sendiri; BBM (Pertalite) adalah objek perkara.",False,"menjual BBM subsidi jenis Pertalite yang tidak sesuai dan bertentangan dengan ketentuan pengangkutan, pendistribusian dan harga yang telah ditentukan dan ditetapkan oleh Pemerintah"
R121,rekap,121,1/Pid.S/2026/PN Bgl,pertalite,,tabulasi tim (bukan teks putusan; belum dicek ke situs MA),ya,ya,konsistensi isian: ya,yes,Dipertahankan,"Kata kunci pertalite ditemukan pada tabulasi tim (bukan teks putusan; belum dicek ke situs MA); BBM (Pertalite) adalah objek perkara. Baris tabulasi tim tanpa URL/PDF; relevansi dari isian tim konsisten (Pasal 55 UU 22/2001, barang bukti BBM).",True,"Barang Bukti Utama: 'Pertalite 200 L (dilelang Rp1,95 jt, dirampas negara)'"
R122,rekap,122,2/Pid.S/2026/PN Bgl,pertalite,,tabulasi tim (bukan teks putusan; belum dicek ke situs MA),ya,ya,konsistensi isian: ya,yes,Dipertahankan,"Kata kunci pertalite ditemukan pada tabulasi tim (bukan teks putusan; belum dicek ke situs MA); BBM (Pertalite) adalah objek perkara. Baris tabulasi tim tanpa URL/PDF; relevansi dari isian tim konsisten (Pasal 55 UU 22/2001, barang bukti BBM). Catatan: barang bukti identik dengan 1/Pid.S/2026/PN Bgl (kemungkinan berkas terpisah satu kejadian; volume sudah NA agar tidak dobel).",True,
R123,rekap,123,101/Pid.Sus/2026/PN Plk,pertalite,,tabulasi tim (bukan teks putusan; belum dicek ke situs MA),ya,ya,konsistensi isian: ya,yes,Dipertahankan,"Kata kunci pertalite ditemukan pada tabulasi tim (bukan teks putusan; belum dicek ke situs MA); BBM (Pertalite) adalah objek perkara. Baris tabulasi tim tanpa URL/PDF; relevansi dari isian tim konsisten (Pasal 55 UU 22/2001, barang bukti BBM).",True,
R124,rekap,124,113/Pid.Sus-LH/2026/PN Amb,"minyak tanah, solar, pertalite",,tabulasi tim (bukan teks putusan; belum dicek ke situs MA),ya,ya,konsistensi isian: ya,yes,Dipertahankan,"Kata kunci minyak tanah, solar, pertalite ditemukan pada tabulasi tim (bukan teks putusan; belum dicek ke situs MA); BBM (Minyak tanah; Solar/Biosolar (subsidi, sebagian dioplos minyak tanah); Pertalite) adalah objek perkara. Baris tabulasi tim tanpa URL/PDF; relevansi dari isian tim konsisten (Pasal 55 UU 22/2001, barang bukti BBM).",True,
R125,rekap,125,130/Pid.Sus/2026/PN Smp,"BBM, solar, pertalite",,tabulasi tim (bukan teks putusan; belum dicek ke situs MA),ya,ya,konsistensi isian: ya,yes,Dipertahankan,"Kata kunci BBM, solar, pertalite ditemukan pada tabulasi tim (bukan teks putusan; belum dicek ke situs MA); BBM (Solar/Biosolar (subsidi); Pertalite) adalah objek perkara. Baris tabulasi tim tanpa URL/PDF; relevansi dari isian tim konsisten (Pasal 55 UU 22/2001, barang bukti BBM).",True,Barang Bukti Utama: 'Pick-up L300 berisi jerigen BBM; HP berisi 39 SS barcode solar & 36 SS barcode pertalite (dirampas)'
R126,rekap,126,137/Pid.Sus/2026/PN Mrb,solar,,tabulasi tim (bukan teks putusan; belum dicek ke situs MA),ya,ya,konsistensi isian: ya,yes,Dipertahankan,"Kata kunci solar ditemukan pada tabulasi tim (bukan teks putusan; belum dicek ke situs MA); BBM (Solar/Biosolar (subsidi)) adalah objek perkara. Baris tabulasi tim tanpa URL/PDF; relevansi dari isian tim konsisten (Pasal 55 UU 22/2001, barang bukti BBM).",True,
R127,rekap,127,15/Pid.Sus/2026/PN Rtg,"BBM, solar, biosolar",,tabulasi tim (bukan teks putusan; belum dicek ke situs MA),ya,ya,konsistensi isian: ya,yes,Dipertahankan,"Kata kunci BBM, solar, biosolar ditemukan pada tabulasi tim (bukan teks putusan; belum dicek ke situs MA); BBM (Solar/Biosolar (subsidi)) adalah objek perkara. Baris tabulasi tim tanpa URL/PDF; relevansi dari isian tim konsisten (Pasal 55 UU 22/2001, barang bukti BBM).",True,Dasar Angka Volume: 'BB: 49 jerigen x ±30 L (±1.470 L) + 35 jerigen x ±30 L (±1.050 L)'
R128,rekap,128,22/Pid.Sus/2026/PN Wns,"BBM, pertalite",,tabulasi tim (bukan teks putusan; belum dicek ke situs MA),ya,ya,konsistensi isian: ya,yes,Dipertahankan,"Kata kunci BBM, pertalite ditemukan pada tabulasi tim (bukan teks putusan; belum dicek ke situs MA); BBM (Pertalite) adalah objek perkara. Baris tabulasi tim tanpa URL/PDF; relevansi dari isian tim konsisten (Pasal 55 UU 22/2001, barang bukti BBM).",True,"Dasar Angka Volume: 'BB yang dilelang ±104,4 L (Rp1.144.000)'"
R129,rekap,129,29/Pid.Sus/2026/PN Ffk,"BBM, pertalite",,tabulasi tim (bukan teks putusan; belum dicek ke situs MA),ya,ya,konsistensi isian: ya,yes,Dipertahankan,"Kata kunci BBM, pertalite ditemukan pada tabulasi tim (bukan teks putusan; belum dicek ke situs MA); BBM (Pertalite) adalah objek perkara. Baris tabulasi tim tanpa URL/PDF; relevansi dari isian tim konsisten (Pasal 55 UU 22/2001, barang bukti BBM).",True,"Dasar Angka Volume: '2 drum x ±200 L terjual (BB disita 315,28 L; hasil lelang Rp3.152.800)' | Vonis: 'Penjara 4 bulan' | Keuntungan: 'Jual Rp2,4-2,5 jt per drum 200 L (±Rp12.000-12.500/L)'"
R130,rekap,130,53/Pid.Sus/2026/PN Ktb,biosolar,,tabulasi tim (bukan teks putusan; belum dicek ke situs MA),ya,ya,,yes,Dipertahankan,"Kata kunci biosolar ditemukan pada tabulasi tim (bukan teks putusan; belum dicek ke situs MA); BBM (Solar/Biosolar (subsidi)) adalah objek perkara. Baris tabulasi tim tanpa URL/PDF; relevansi dari isian tim konsisten (Pasal 55 UU 22/2001, barang bukti BBM).",True,Dasar Angka Volume: 'BB: 4.970 L + 3.290 L Bio Solar di 2 truk tangki'
R131,rekap,131,182/Pid.Sus/2026/PN Tpg,"BBM, solar, biosolar",,tabulasi tim (bukan teks putusan; belum dicek ke situs MA),ya,ya,konsistensi isian: ya,yes,Dipertahankan,"Kata kunci BBM, solar, biosolar ditemukan pada tabulasi tim (bukan teks putusan; belum dicek ke situs MA); BBM (Solar/Biosolar (subsidi)) adalah objek perkara. Baris tabulasi tim tanpa URL/PDF; relevansi dari isian tim konsisten (Pasal 55 UU 22/2001, barang bukti BBM).",True,Dasar Angka Volume: '5 drum x 220 L diambil 10 Apr 2026' | Vonis: 'Penjara 2 th + denda Rp100 jt (subsider 60 hari penjara)'
R132,rekap,132,55/Pid.Sus/2026/PN Pwr,"BBM, pertalite",,tabulasi tim (bukan teks putusan; belum dicek ke situs MA),ya,ya,konsistensi isian: ya,yes,Dipertahankan,"Kata kunci BBM, pertalite ditemukan pada tabulasi tim (bukan teks putusan; belum dicek ke situs MA); BBM (Pertalite) adalah objek perkara. Baris tabulasi tim tanpa URL/PDF; relevansi dari isian tim konsisten (Pasal 55 UU 22/2001, barang bukti BBM).",True,Dasar Angka Volume: 'Pembelian ±120 L senilai Rp1.200.000' | Vonis: 'Penjara 6 bulan'
R133,rekap,133,93/Pid.Sus/2026/PN Sit,"BBM, pertalite",,tabulasi tim (bukan teks putusan; belum dicek ke situs MA),ya,ya,konsistensi isian: ya,yes,Dipertahankan,"Kata kunci BBM, pertalite ditemukan pada tabulasi tim (bukan teks putusan; belum dicek ke situs MA); BBM (Pertalite) adalah objek perkara. Baris tabulasi tim tanpa URL/PDF; relevansi dari isian tim konsisten (Pasal 55 UU 22/2001, barang bukti BBM).",True,"Lokasi / Tgl Kejadian: 'SPBU 54.683.13 Landangan, Situbondo; 14 Apr 2026' | Dasar Angka Volume: '6 jerigen x 30 L di bagasi'"
R134,rekap,134,271/Pid.Sus/2026/PN Byw,"BBM, solar, biosolar",,tabulasi tim (bukan teks putusan; belum dicek ke situs MA),ya,ya,konsistensi isian: ya,yes,Dipertahankan,"Kata kunci BBM, solar, biosolar ditemukan pada tabulasi tim (bukan teks putusan; belum dicek ke situs MA); BBM (Solar/Biosolar (subsidi)) adalah objek perkara. Baris tabulasi tim tanpa URL/PDF; relevansi dari isian tim konsisten (Pasal 55 UU 22/2001, barang bukti BBM).",True,Dasar Angka Volume: 'Dakwaan: 5 kali pengisian oleh 2 orang = 420 L (BB disita 21 jerigen ±600 L)'
R135,rekap,135,549/Pid.Sus-LH/2026/PN Btm,"BBM, pertalite",,tabulasi tim (bukan teks putusan; belum dicek ke situs MA),ya,ya,konsistensi isian: ya,yes,Dipertahankan,"Kata kunci BBM, pertalite ditemukan pada tabulasi tim (bukan teks putusan; belum dicek ke situs MA); BBM (Pertalite) adalah objek perkara. Baris tabulasi tim tanpa URL/PDF; relevansi dari isian tim konsisten (Pasal 55 UU 22/2001, barang bukti BBM).",True,Dasar Angka Volume: '21 jerigen x 33 L pada hari kejadian (BB disita 363 L; sebelumnya 19 jerigen/627 L)'
R136,rekap,136,209/Pid.Sus/2026/PN Mpw,"BBM, solar, biosolar",,tabulasi tim (bukan teks putusan; belum dicek ke situs MA),ya,ya,konsistensi isian: ya,yes,Dipertahankan,"Kata kunci BBM, solar, biosolar ditemukan pada tabulasi tim (bukan teks putusan; belum dicek ke situs MA); BBM (Solar/Biosolar (subsidi)) adalah objek perkara. Baris tabulasi tim tanpa URL/PDF; relevansi dari isian tim konsisten (Pasal 55 UU 22/2001, barang bukti BBM).",True,"Dasar Angka Volume: '15 jerigen, volume bersih 525 L (pembayaran Rp5.775.000)'"
R137,rekap,137,245/Pid.Sus/2026/PN Trg,"biosolar, solar, BBM",,tabulasi tim (bukan teks putusan; belum dicek ke situs MA),ya,ya,,yes,Dipertahankan,"Kata kunci biosolar, solar, BBM ditemukan pada tabulasi tim (bukan teks putusan; belum dicek ke situs MA); BBM (Solar/Biosolar (subsidi); Dexlite) adalah objek perkara. Baris tabulasi tim tanpa URL/PDF; relevansi dari isian tim konsisten (Pasal 55 UU 22/2001, barang bukti BBM).",True,"Dasar Angka Volume: 'Dakwaan ±680 L; BB: 24 jerigen bio solar ±480 L, 9 jerigen campuran ±180 L, ±20 L lain'"
R138,rekap,138,251/Pid.Sus-LH/2026/PN Plw,"BBM, pertalite",,tabulasi tim (bukan teks putusan; belum dicek ke situs MA),ya,ya,konsistensi isian: ya,yes,Dipertahankan,"Kata kunci BBM, pertalite ditemukan pada tabulasi tim (bukan teks putusan; belum dicek ke situs MA); BBM (Pertalite) adalah objek perkara. Baris tabulasi tim tanpa URL/PDF; relevansi dari isian tim konsisten (Pasal 55 UU 22/2001, barang bukti BBM).",True,Dasar Angka Volume: 'Sedotan 3 jerigen: 34 + 35 + 39 L'
R139,rekap,139,256/Pid.Sus-LH/2025/PN Pmn,"pertalite, BBM",,tabulasi tim (bukan teks putusan; belum dicek ke situs MA),ya,ya,,yes,Dipertahankan,"Kata kunci pertalite, BBM ditemukan pada tabulasi tim (bukan teks putusan; belum dicek ke situs MA); BBM (Pertalite) adalah objek perkara. Baris tabulasi tim tanpa URL/PDF; relevansi dari isian tim konsisten (Pasal 55 UU 22/2001, barang bukti BBM).",True,Dasar Angka Volume: 'Total 201 L pertalite (sisa bersih 196 L)'
R140,rekap,140,288/Pid.Sus-LH/2026/PN Ktp,"BBM, pertalite",,tabulasi tim (bukan teks putusan; belum dicek ke situs MA),ya,ya,konsistensi isian: ya,yes,Dipertahankan,"Kata kunci BBM, pertalite ditemukan pada tabulasi tim (bukan teks putusan; belum dicek ke situs MA); BBM (Pertalite) adalah objek perkara. Baris tabulasi tim tanpa URL/PDF; relevansi dari isian tim konsisten (Pasal 55 UU 22/2001, barang bukti BBM).",True,Dasar Angka Volume: '1 drum 200 L (pembayaran Rp2.000.000)'
R141,rekap,141,373/Pid.Sus-LH/2026/PN Llg,"BBM, pertalite",,tabulasi tim (bukan teks putusan; belum dicek ke situs MA),ya,ya,,yes,Dipertahankan,"Kata kunci BBM, pertalite ditemukan pada tabulasi tim (bukan teks putusan; belum dicek ke situs MA); BBM (Pertalite; Minyak olahan ilegal) adalah objek perkara. Baris tabulasi tim tanpa URL/PDF; relevansi dari isian tim konsisten (Pasal 55 UU 22/2001, barang bukti BBM).",True,"Lokasi / Tgl Kejadian: 'Gudang BBM Terawas, Musi Rawas; 21 Apr 2026' | Dasar Angka Volume: '±16.000 L Pertalite subsidi ditukar (2 transaksi x 8.000 L)'"
R142,rekap,142,383/Pid.Sus/2026/PN Dps,pertalite,,tabulasi tim (bukan teks putusan; belum dicek ke situs MA),ya,ya,,yes,Dipertahankan,"Kata kunci pertalite ditemukan pada tabulasi tim (bukan teks putusan; belum dicek ke situs MA); BBM (Pertalite) adalah objek perkara. Baris tabulasi tim tanpa URL/PDF; relevansi dari isian tim konsisten (Pasal 55 UU 22/2001, barang bukti BBM).",True,Modus: 'Membeli pertalite 20 L (Rp200.000) berulang di SPBU'; Harga Beli /L: 10000
R143,rekap,143,402/Pid.Sus/2026/PN Bjm,"BBM, solar, biosolar",,tabulasi tim (bukan teks putusan; belum dicek ke situs MA),ya,ya,konsistensi isian: ya,yes,Dipertahankan,"Kata kunci BBM, solar, biosolar ditemukan pada tabulasi tim (bukan teks putusan; belum dicek ke situs MA); BBM (Solar/Biosolar (subsidi)) adalah objek perkara. Baris tabulasi tim tanpa URL/PDF; relevansi dari isian tim konsisten (Pasal 55 UU 22/2001, barang bukti BBM).",True,Dasar Angka Volume: 'BB ±400 L (20 jerigen x 20 L); 5 hari x 80 L'
R144,rekap,144,481/Pid.Sus-LH/2026/PN Btm,"pertalite, BBM",,tabulasi tim (bukan teks putusan; belum dicek ke situs MA),ya,ya,konsistensi isian: ya,yes,Dipertahankan,"Kata kunci pertalite, BBM ditemukan pada tabulasi tim (bukan teks putusan; belum dicek ke situs MA); BBM (Pertalite) adalah objek perkara. Baris tabulasi tim tanpa URL/PDF; relevansi dari isian tim konsisten (Pasal 55 UU 22/2001, barang bukti BBM).",True,"Dasar Angka Volume: 33 jerigen x 32 L = 1.056 L pada hari kejadian; akumulasi 36.800 L (dihitung ahli) | Lokasi / Tgl Kejadian: SPBU Tiban, Sekupang, Batam; 12 Apr 2026"
R145,rekap,145,501/Pid.Sus/2025/PN Kpn,"solar, biosolar, BBM",,tabulasi tim (bukan teks putusan; belum dicek ke situs MA),ya,ya,konsistensi isian: ya,yes,Dipertahankan,"Kata kunci solar, biosolar, BBM ditemukan pada tabulasi tim (bukan teks putusan; belum dicek ke situs MA); BBM (Solar/Biosolar (subsidi)) adalah objek perkara. Baris tabulasi tim tanpa URL/PDF; relevansi dari isian tim konsisten (Pasal 55 UU 22/2001, barang bukti BBM).",True,"Dasar Angka Volume: Kapasitas tandon modifikasi 500 L (BB lain ±150 L + 10 jerigen ±25 L) | Lokasi / Tgl Kejadian: SPBU 54.651.65 Sengguruh, Kepanjen, Malang; 18 Sep 2025"
R146,rekap,146,523/Pid.Sus/2026/PN Bjm,pertalite,,tabulasi tim (bukan teks putusan; belum dicek ke situs MA),ya,ya,,yes,Dipertahankan,"Kata kunci pertalite ditemukan pada tabulasi tim (bukan teks putusan; belum dicek ke situs MA); BBM (Pertalite) adalah objek perkara. Baris tabulasi tim tanpa URL/PDF; relevansi dari isian tim konsisten (Pasal 55 UU 22/2001, barang bukti BBM).",True,Dasar Angka Volume: BB: 2 jerigen ±35 L + 2 jerigen ±50 L; Barang Bukti: jerigen pertalite 35 L & 50 L
R147,rekap,147,654/Pid.Sus/2026/PN Plg,"solar, biosolar",,tabulasi tim (bukan teks putusan; belum dicek ke situs MA),ya,ya,konsistensi isian: ya,yes,Dipertahankan,"Kata kunci solar, biosolar ditemukan pada tabulasi tim (bukan teks putusan; belum dicek ke situs MA); BBM (Solar/Biosolar (subsidi)) adalah objek perkara. Baris tabulasi tim tanpa URL/PDF; relevansi dari isian tim konsisten (Pasal 55 UU 22/2001, barang bukti BBM).",True,"Dasar Angka Volume: Dakwaan: ±3,5 ton dititipkan + 3 tedmon + 16 galon; satuan ton, tidak dikonversi ke liter"
R148,rekap,148,737/Pid.Sus/2025/PN Bpp,"BBM, pertalite",,tabulasi tim (bukan teks putusan; belum dicek ke situs MA),ya,ya,konsistensi isian: ya,yes,Dipertahankan,"Kata kunci BBM, pertalite ditemukan pada tabulasi tim (bukan teks putusan; belum dicek ke situs MA); BBM (Pertalite) adalah objek perkara. Baris tabulasi tim tanpa URL/PDF; relevansi dari isian tim konsisten (Pasal 55 UU 22/2001, barang bukti BBM).",True,"Lokasi / Tgl Kejadian: SPBU Km 4,5 Soekarno-Hatta, Balikpapan; 11 Sep 2025"
R149,rekap,149,880/Pid.Sus/2026/PN Mdn,"solar, biosolar, pertalite",,tabulasi tim (bukan teks putusan; belum dicek ke situs MA),ya,ya,,yes,Dipertahankan,"Kata kunci solar, biosolar, pertalite ditemukan pada tabulasi tim (bukan teks putusan; belum dicek ke situs MA); BBM (Solar/Biosolar (subsidi); Pertalite) adalah objek perkara. Baris tabulasi tim tanpa URL/PDF; relevansi dari isian tim konsisten (Pasal 55 UU 22/2001, barang bukti BBM).",True,"Muatan DO: 8.000 L Bio Solar B40 + 8.000 L Pertalite (tangki 16.000 L, kembali ke Elnusa)"
R150,rekap,150,1002/Pid.Sus-LH/2026/PN Sby,"BBM, solar, biosolar",,tabulasi tim (bukan teks putusan; belum dicek ke situs MA),ya,ya,,yes,Dipertahankan,"Kata kunci BBM, solar, biosolar ditemukan pada tabulasi tim (bukan teks putusan; belum dicek ke situs MA); BBM (Solar/Biosolar (subsidi)) adalah objek perkara. Baris tabulasi tim tanpa URL/PDF; relevansi dari isian tim konsisten (Pasal 55 UU 22/2001, barang bukti BBM).",True,Dasar Angka Volume: Total ±700 L bio solar
R151,rekap,151,1074/Pid.Sus-LH/2026/PN Sby,"BBM, solar, biosolar",,tabulasi tim (bukan teks putusan; belum dicek ke situs MA),ya,ya,konsistensi isian: ya,yes,Dipertahankan,"Kata kunci BBM, solar, biosolar ditemukan pada tabulasi tim (bukan teks putusan; belum dicek ke situs MA); BBM (Solar/Biosolar (subsidi)) adalah objek perkara. Baris tabulasi tim tanpa URL/PDF; relevansi dari isian tim konsisten (Pasal 55 UU 22/2001, barang bukti BBM).",True,"16 jerigen x 30 L = 480 L ditemukan; pengisian lain 1.400 L dan 198,52 L"
R152,rekap,152,114/Pid.Sus/2026/PN Bgl,"BBM, solar, biosolar",,tabulasi tim (bukan teks putusan; belum dicek ke situs MA),ya,ya,konsistensi isian: ya,yes,Dipertahankan,"Kata kunci BBM, solar, biosolar ditemukan pada tabulasi tim (bukan teks putusan; belum dicek ke situs MA); BBM (Solar/Biosolar (subsidi)) adalah objek perkara. Baris tabulasi tim tanpa URL/PDF; relevansi dari isian tim konsisten (Pasal 55 UU 22/2001, barang bukti BBM).",True,"Dakwaan: 2.000 L dijual/dipakai; BB 13 jerigen x 35 L | Lokasi / Tgl Kejadian: Kampung Bahari, Kampung Melayu, Bengkulu; 11 Feb 2026 (praktik Jan 2025-Feb 2026) | Vonis (ringkas): Penjara 6 bulan | Harga Beli /L: 6900; Estimasi Nilai BBM: 13800000"
R153,rekap,153,114/Pid.Sus-LH/2026/PN Amb,"solar, minyak tanah, pertalite",,tabulasi tim (bukan teks putusan; belum dicek ke situs MA),ya,ya,konsistensi isian: ya,yes,Dipertahankan,"Kata kunci solar, minyak tanah, pertalite ditemukan pada tabulasi tim (bukan teks putusan; belum dicek ke situs MA); BBM (Minyak tanah (subsidi); Solar oplosan (campuran minyak tanah); Pertalite) adalah objek perkara. Baris tabulasi tim tanpa URL/PDF; relevansi dari isian tim konsisten (Pasal 55 UU 22/2001, barang bukti BBM).",True,
R154,rekap,154,115/Pid.Sus-LH/2025/PN Wno,"BBM, pertalite",,tabulasi tim (bukan teks putusan; belum dicek ke situs MA),ya,ya,konsistensi isian: ya,yes,Dipertahankan,"Kata kunci BBM, pertalite ditemukan pada tabulasi tim (bukan teks putusan; belum dicek ke situs MA); BBM (Pertalite) adalah objek perkara. Baris tabulasi tim tanpa URL/PDF; relevansi dari isian tim konsisten (Pasal 55 UU 22/2001, barang bukti BBM).",True,"Dasar Angka Volume: Pelangsir mengangkut ±150 L per kali pembelian | Lokasi / Tgl Kejadian: SPBU 4455814 Jatisari, Playen, Gunungkidul; 7 Apr 2025"
R155,rekap,155,115/Pid.Sus-LH/2026/PN Amb,"minyak tanah, solar, pertalite, BBM",,tabulasi tim (bukan teks putusan; belum dicek ke situs MA),ya,ya,,yes,Dipertahankan,"Kata kunci minyak tanah, solar, pertalite, BBM ditemukan pada tabulasi tim (bukan teks putusan; belum dicek ke situs MA); BBM (Minyak tanah (subsidi); Solar oplosan (campuran minyak tanah); Solar (status subsidi tidak disebut); Pertalite) adalah objek perkara. Baris tabulasi tim tanpa URL/PDF; relevansi dari isian tim konsisten (Pasal 55 UU 22/2001, barang bukti BBM).",True,Dasar Angka Volume: BB kelompok Ambon: minyak tanah ±1.200 L + solar oplosan ±900 L + solar ±70 L + pertalite ±70 L
R156,rekap,156,117/Pid.Sus/2026/PN Bgl,"BBM, pertalite",,tabulasi tim (bukan teks putusan; belum dicek ke situs MA),ya,ya,,yes,Dipertahankan,"Kata kunci BBM, pertalite ditemukan pada tabulasi tim (bukan teks putusan; belum dicek ke situs MA); BBM (Pertalite) adalah objek perkara. Baris tabulasi tim tanpa URL/PDF; relevansi dari isian tim konsisten (Pasal 55 UU 22/2001, barang bukti BBM).",True,Harga Beli /L: 10000; Estimasi Nilai BBM: 500000
R157,rekap,157,156/Pid.Sus/2025/PN Plp,"solar, biosolar",,tabulasi tim (bukan teks putusan; belum dicek ke situs MA),ya,ya,konsistensi isian: ya,yes,Dipertahankan,"Kata kunci solar, biosolar ditemukan pada tabulasi tim (bukan teks putusan; belum dicek ke situs MA); BBM (Solar/Biosolar (subsidi)) adalah objek perkara. Baris tabulasi tim tanpa URL/PDF; relevansi dari isian tim konsisten (Pasal 55 UU 22/2001, barang bukti BBM).",True,Dasar Angka Volume: 3 tandon = 3.000 L (3 ton)
R158,rekap,158,156/Pid.Sus/2026/PN Tlg,"BBM, pertalite",,tabulasi tim (bukan teks putusan; belum dicek ke situs MA),ya,ya,,yes,Dipertahankan,"Kata kunci BBM, pertalite ditemukan pada tabulasi tim (bukan teks putusan; belum dicek ke situs MA); BBM (Pertalite) adalah objek perkara. Baris tabulasi tim tanpa URL/PDF; relevansi dari isian tim konsisten (Pasal 55 UU 22/2001, barang bukti BBM).",True,Harga Beli /L: 10000; Estimasi Nilai BBM: 400000
R159,rekap,159,157/Pid.Sus/2026/PN Byw,pertalite,,tabulasi tim (bukan teks putusan; belum dicek ke situs MA),ya,ya,konsistensi isian: ya,yes,Dipertahankan,"Kata kunci pertalite ditemukan pada tabulasi tim (bukan teks putusan; belum dicek ke situs MA); BBM (Pertalite) adalah objek perkara. Baris tabulasi tim tanpa URL/PDF; relevansi dari isian tim konsisten (Pasal 55 UU 22/2001, barang bukti BBM).",True,"Dasar Angka Volume: 4 pengisian x 40 L | Lokasi / Tgl Kejadian: SPBU 54.684.14 Yosomulyo, Gambiran, Banyuwangi; 14 Jan 2026"
R160,rekap,160,172/Pid.Sus/2026/PN Sag,"solar, biosolar, BBM",,tabulasi tim (bukan teks putusan; belum dicek ke situs MA),ya,ya,,yes,Dipertahankan,"Kata kunci solar, biosolar, BBM ditemukan pada tabulasi tim (bukan teks putusan; belum dicek ke situs MA); BBM (Solar/Biosolar (subsidi)) adalah objek perkara. Baris tabulasi tim tanpa URL/PDF; relevansi dari isian tim konsisten (Pasal 55 UU 22/2001, barang bukti BBM).",True,Modus: membeli solar dari pengantri SPBU Rp11.500-14.000/L; rencana dijual Rp15.000/L ke Nanga Mahap
R161,rekap,161,177/Pid.Sus-LH/2026/PN Pkb,"BBM, solar, biosolar",,tabulasi tim (bukan teks putusan; belum dicek ke situs MA),ya,ya,,yes,Dipertahankan,"Kata kunci BBM, solar, biosolar ditemukan pada tabulasi tim (bukan teks putusan; belum dicek ke situs MA); BBM (Solar/Biosolar (subsidi)) adalah objek perkara. Baris tabulasi tim tanpa URL/PDF; relevansi dari isian tim konsisten (Pasal 55 UU 22/2001, barang bukti BBM).",True,"Dasar Angka Volume: Pengisian 58,8 L senilai Rp400.000 | Lokasi / Tgl Kejadian: SPBU 24.307.132 Rejodadi, Sembawa, Banyuasin; 18-19 Apr 2026 | Vonis (ringkas): Penjara 6 bulan + denda Rp5 jt | Harga Beli /L: 6800; Estimasi Nilai BBM: 399840"
R162,rekap,162,179/Pid.Sus/2026/PN Sgt,"solar, biosolar",,tabulasi tim (bukan teks putusan; belum dicek ke situs MA),ya,ya,konsistensi isian: ya,yes,Dipertahankan,"Kata kunci solar, biosolar ditemukan pada tabulasi tim (bukan teks putusan; belum dicek ke situs MA); BBM (Solar/Biosolar (subsidi)) adalah objek perkara. Baris tabulasi tim tanpa URL/PDF; relevansi dari isian tim konsisten (Pasal 55 UU 22/2001, barang bukti BBM).",True,Dasar Angka Volume: Total solar 1.080 L (BB: 10 jerigen 20 L + 4 drum 200 L + lainnya)
R163,rekap,163,183/Pid.Sus/2026/PN Pbu,pertalite,,tabulasi tim (bukan teks putusan; belum dicek ke situs MA),ya,ya,konsistensi isian: ya,yes,Dipertahankan,"Kata kunci pertalite ditemukan pada tabulasi tim (bukan teks putusan; belum dicek ke situs MA); BBM (Pertalite) adalah objek perkara. Baris tabulasi tim tanpa URL/PDF; relevansi dari isian tim konsisten (Pasal 55 UU 22/2001, barang bukti BBM).",True,"Dasar Angka Volume: 2 pengisian x 40 L (pengisi utama) + 40 L (pembeli lain) | Lokasi / Tgl Kejadian: SPBU 64.741.03 Jl. Pakunegara, Arut Selatan, Kotawaringin Barat; 30 Apr 2026"
R164,rekap,164,184/Pid.Sus/2026/PN Pbu,pertalite,,tabulasi tim (bukan teks putusan; belum dicek ke situs MA),ya,ya,konsistensi isian: ya,yes,Dipertahankan,"Kata kunci pertalite ditemukan pada tabulasi tim (bukan teks putusan; belum dicek ke situs MA); BBM (Pertalite) adalah objek perkara. Baris tabulasi tim tanpa URL/PDF; relevansi dari isian tim konsisten (Pasal 55 UU 22/2001, barang bukti BBM).",True,"Dasar Angka Volume: 2 pengisian x 40 L | Lokasi / Tgl Kejadian: SPBU 64.741.03 Jl. Pakunegara, Arut Selatan; 30 Apr 2026"
R165,rekap,165,186/Pid.Sus/2026/PN Pbu,pertalite,,tabulasi tim (bukan teks putusan; belum dicek ke situs MA),ya,ya,konsistensi isian: ya,yes,Dipertahankan,"Kata kunci pertalite ditemukan pada tabulasi tim (bukan teks putusan; belum dicek ke situs MA); BBM (Pertalite) adalah objek perkara. Baris tabulasi tim tanpa URL/PDF; relevansi dari isian tim konsisten (Pasal 55 UU 22/2001, barang bukti BBM).",True,"Dasar Angka Volume: 40 L, sudah dihitung di perkara 183 | Lokasi / Tgl Kejadian: SPBU 64.741.03 Jl. Pakunegara, Arut Selatan; 30 Apr 2026"
R166,rekap,166,203/Pid.Sus/2026/PN Gpr,pertalite,,tabulasi tim (bukan teks putusan; belum dicek ke situs MA),ya,ya,konsistensi isian: ya,yes,Dipertahankan,"Kata kunci pertalite ditemukan pada tabulasi tim (bukan teks putusan; belum dicek ke situs MA); BBM (Pertalite) adalah objek perkara. Baris tabulasi tim tanpa URL/PDF; relevansi dari isian tim konsisten (Pasal 55 UU 22/2001, barang bukti BBM).",True,"Dasar Angka Volume: 6 galon x 15 L | Lokasi / Tgl Kejadian: SPBU 54.641.52 Ploso Lor, Plosoklaten, Kediri; 12-13 Apr 2026"
X001,dikeluarkan,,863 K/Pid.Sus/2020,,False,tidak ada,tidak jelas,ragu,bukti kata kunci: ragu; pokok perkara: ragu; skeptis: ragu,uncertain,Tetap dikeluarkan (tidak dapat dinilai),"Tidak ada teks putusan, kutipan, maupun PDF rantai di repositori; perlu dicek manual di situs MA.",True,
X002,dikeluarkan,,854 K/Pid.Sus/2020,,False,teks PDF putusan sendiri,tidak,tidak,,no,Tetap dikeluarkan,Objek perkara bukan BBM kata kunci (LPG 3 kg); tidak ada kata kunci.,False,- 170 (seratus tujuh puluh) buah tabung LPG @ 3 (tiga) kg warna hijau;
X003,dikeluarkan,,2540 K/PID.SUS/2020,,False,isian pengode saja,tidak,tidak,konsistensi isian: tidak,no,Tetap dikeluarkan,Objek perkara bukan BBM kata kunci (Minyak mentah); tidak ada kata kunci.,False,
X004,dikeluarkan,,1752 K/Pid.Sus/2020,,False,isian pengode saja,tidak,tidak,konsistensi isian: tidak,no,Tetap dikeluarkan,Objek perkara bukan BBM kata kunci (LPG 3 kg; LPG non-subsidi); tidak ada kata kunci.,False,
X005,dikeluarkan,,2381 K/Pid.Sus/2020,,False,isian pengode saja,tidak,tidak,konsistensi isian: tidak,no,Tetap dikeluarkan,Objek perkara bukan BBM kata kunci (LPG 3 kg); tidak ada kata kunci.,False,
X006,dikeluarkan,,152/Pid.B/LH/2020/PN Tte,,False,teks PDF putusan sendiri,tidak,tidak,,no,Tetap dikeluarkan,Objek perkara bukan BBM kata kunci (Bukan BBM (emas/pertambangan mineral)); tidak ada kata kunci.,False,tindak pidana “M elakukan Pertambangan tanpa Izin Usaha Pertambangan
X007,dikeluarkan,,153/Pid.B/LH/2020/PN Tte,,False,teks PDF putusan sendiri,tidak,tidak,,no,Tetap dikeluarkan,Objek perkara bukan BBM kata kunci (Bukan BBM (tambang emas)); tidak ada kata kunci.,False,"sah dan meyakinkan bersalah melakukan tindak pidana, “melakukan usaha"
X008,dikeluarkan,,380/Pid.Sus/2020/PN.Sg,,False,isian pengode saja,tidak,tidak,konsistensi isian: tidak,no,Tetap dikeluarkan,Objek perkara bukan BBM kata kunci (Tidak ada (batuan/tambang mineral)); tidak ada kata kunci.,False,
X009,dikeluarkan,,379/Pid.Sus/2020/PN.Sg,,False,isian pengode saja,tidak,tidak,konsistensi isian: tidak,no,Tetap dikeluarkan,Objek perkara bukan BBM kata kunci (Bukan BBM (penambangan tanpa IUP)); tidak ada kata kunci.,False,
X010,dikeluarkan,,3457 K/Pid.Sus-LH/2021,,False,teks PDF putusan sendiri,tidak,tidak,,no,Tetap dikeluarkan,Objek perkara bukan BBM kata kunci (Minyak mentah); tidak ada kata kunci.,False,"""Mengangkut minyak mentah tanpa izin usaha pengangkutan dari pihak yang berwenang"" dikarenakan Terdakwa atas perintah dari [nama] telah membawa atau mengangkut minyak mentah sebanyak ± 10.000"
X011,dikeluarkan,,5056 K/Pid.Sus/2022,,False,teks PDF putusan sendiri,tidak,tidak,,no,Tetap dikeluarkan,Objek perkara bukan BBM kata kunci (Bukan BBM (penambangan tanpa izin/Minerba)); tidak ada kata kunci.,False,”Secara bersama-sama melakukan penambangan tanpa izin” sebagaimana dalam Dakwaan Tunggal
X012,dikeluarkan,,6136 K/Pid.Sus/2022,,False,teks PDF putusan sendiri,tidak,tidak,,no,Tetap dikeluarkan,Objek perkara bukan BBM kata kunci (Bukan BBM (pertambangan batubara/reklamasi)); tidak ada kata kunci.,False,“Pengurus korporasi yang IUP korporasinya sudah berakhir dan tidak melaksanakan reklamasi dan pasca tambang”
X013,dikeluarkan,,109 K/Pid.Sus/2022,,False,tidak ada,tidak jelas,ragu,bukti kata kunci: ragu; pokok perkara: ragu; skeptis: ragu,uncertain,Tetap dikeluarkan (tidak dapat dinilai),"Tidak ada teks putusan, kutipan, maupun PDF rantai di repositori; perlu dicek manual di situs MA.",True,
X014,dikeluarkan,,3640 K/Pid.Sus/2022,,False,tidak ada,tidak jelas,ragu,bukti kata kunci: ragu; pokok perkara: ragu; skeptis: ragu,uncertain,Tetap dikeluarkan (tidak dapat dinilai),"Tidak ada teks putusan, kutipan, maupun PDF rantai di repositori; perlu dicek manual di situs MA.",True,
X015,dikeluarkan,,103 K/Pid.Sus/2022,,False,teks PDF putusan sendiri,tidak,tidak,,no,Tetap dikeluarkan,Objek perkara bukan BBM kata kunci (LPG 3 kg); tidak ada kata kunci.,False,- 124 (seratus dua puluh empat) tabung gas LPG warna hijau 3 Kg yang
X016,dikeluarkan,,6572 K/Pid.Sus-LH/2023,bahan bakar minyak,False,teks PDF putusan sendiri,tidak,tidak,,no,Tetap dikeluarkan,Objek perkara bukan BBM kata kunci (Minyak mentah); kata kunci bahan bakar minyak hanya tidak.,False,produksi yang menghasilkan bahan bakar minyak mentah;
X017,dikeluarkan,,1443 K/Pid.Sus/2023,,False,teks PDF putusan sendiri,tidak,tidak,,no,Tetap dikeluarkan,Objek perkara bukan BBM kata kunci (Bukan BBM (balok timah)); tidak ada kata kunci.,False,dalam gudangnya berupa 536 (lima ratus tiga puluh enam) balok timah
X018,dikeluarkan,,5610 K/Pid.Sus/2023,,False,isian pengode saja,tidak,tidak,konsistensi isian: tidak,no,Tetap dikeluarkan,Objek perkara bukan BBM kata kunci (LPG 3 kg; LPG non-subsidi); tidak ada kata kunci.,False,
X019,dikeluarkan,,186/Pid.Sus/2024/PN Cjr,bahan bakar minyak,False,teks PDF putusan sendiri,insidental,tidak,bukti kata kunci: tidak; pokok perkara: tidak; skeptis: tidak,no,Tetap dikeluarkan,Objek perkara bukan BBM kata kunci (LPG 3 kg); kata kunci bahan bakar minyak hanya insidental.,False,"gas dari gas LPG Subsidi berpindah ke gas LPG Nonsubsidi, setelah"
X020,dikeluarkan,,257/PID.SUS/2020/PT PDG,,False,teks PDF putusan sendiri,tidak,tidak,,no,Tetap dikeluarkan,Objek perkara bukan BBM kata kunci (Bukan BBM (narkotika ganja)); tidak ada kata kunci.,False,Narkotika Golongan I dalam bentuk tanaman jenis ganja yang dilakukan oleh
X021,dikeluarkan,,119/Pid.Sus/2020/PN Kbr,,False,teks PDF putusan sendiri,tidak,tidak,,no,Tetap dikeluarkan,Objek perkara bukan BBM kata kunci (Bukan BBM (narkotika ganja)); tidak ada kata kunci.,False,menguasai Narkotika Golongan I dalam bentuk tanaman jenis ganja “
X022,dikeluarkan,,11/PID.SUS-LH/2021/PT JMB,"BBM, bahan bakar minyak, solar",True,teks PDF putusan sendiri,insidental,tidak,bukti kata kunci: tidak; pokok perkara: tidak; skeptis: tidak,no,Tetap dikeluarkan,"Objek perkara bukan BBM kata kunci (Minyak mentah); kata kunci BBM, bahan bakar minyak, solar hanya insidental.",False,Hasil pengukuran volume barang bukti BBM diduga Jenis Minyak Mentah
X023,dikeluarkan,,209/PID.SUS/2021/PT PBR,,False,tidak ada,tidak jelas,ragu,bukti kata kunci: ragu; pokok perkara: ragu; skeptis: ragu,uncertain,Tetap dikeluarkan (tidak dapat dinilai),"Tidak ada teks putusan, kutipan, maupun PDF rantai di repositori; perlu dicek manual di situs MA.",True,
X024,dikeluarkan,,29/Pid.Sus/2021/PN Swl,,False,teks PDF putusan lain dalam rantai perkara yang sama,tidak,tidak,,no,Tetap dikeluarkan,Objek perkara bukan BBM kata kunci (Bukan BBM (penambangan tanpa izin/Minerba)); tidak ada kata kunci.,False,penambangan tanpa izin” sebagaimana dalam Dakwaan Tunggal yang
X025,dikeluarkan,,36/Pid.Sus/2022/PN Klk,,False,teks PDF putusan lain dalam rantai perkara yang sama,tidak,tidak,,no,Tetap dikeluarkan,Objek perkara bukan BBM kata kunci (Bukan BBM (narkotika sabu)); tidak ada kata kunci.,False,tindak pidana “ Secara t anpa hak membeli dan menerima Narkotika
X026,dikeluarkan,,68/PID.SUS/2022/PT PLK,,False,teks PDF putusan lain dalam rantai perkara yang sama,tidak,tidak,,no,Tetap dikeluarkan,Objek perkara bukan BBM kata kunci (Bukan BBM (narkotika sabu)); tidak ada kata kunci.,False,melakukan tindak pidana “Secara tanpa hak membeli dan menerima
X027,dikeluarkan,,107/Pid.Sus/2022/PN Kba,,False,teks PDF putusan lain dalam rantai perkara yang sama,tidak,tidak,,no,Tetap dikeluarkan,Objek perkara bukan BBM kata kunci (Bukan BBM (balok timah)); tidak ada kata kunci.,False,1. Balok timah sebanyak 536 (lima ratus tiga puluh enam) buah dengan
X028,dikeluarkan,,4992 K/Pid.Sus/2022,,False,teks PDF putusan sendiri,tidak,tidak,,no,Tetap dikeluarkan,Objek perkara bukan BBM kata kunci (Bukan BBM (narkotika sabu)); tidak ada kata kunci.,False,plastik klip kecil berisi Narkotika jenis Sabu dengan berat
X029,dikeluarkan,,350/Pid.Sus/2022/PN Mdn,,False,isian pengode saja,tidak,tidak,konsistensi isian: tidak,no,Tetap dikeluarkan,Objek perkara bukan BBM kata kunci (LPG 3 kg; LPG non-subsidi); tidak ada kata kunci.,False,
X030,dikeluarkan,,109/Pid.B/LH/2023/PN Lsk,"BBM, bahan bakar minyak",True,teks PDF putusan sendiri,tidak,tidak,,no,Tetap dikeluarkan,"Objek perkara bukan BBM kata kunci (Minyak mentah); kata kunci BBM, bahan bakar minyak hanya tidak.",False,6 (enam) Buah Tangki Penampung Berukuran 1000 (seribu) liter yang berisikan bahan bakar minyak mentah;
X031,dikeluarkan,,300/PID.SUS-LH/2023/PT BNA,bahan bakar minyak,False,teks PDF putusan sendiri,tidak,tidak,,no,Tetap dikeluarkan,Objek perkara bukan BBM kata kunci (Minyak mentah); kata kunci bahan bakar minyak hanya tidak.,False,"Bahwa terdakwa menjual bahan bakar minyak mentah hasil dari sumur bor milik Terdakwa sebesar Rp.450.000,- (empat ratus lima puluh ribu rupiah) sampai Rp.600.000,- (enam ratus ribu rupiah) per Drumnya."
X032,dikeluarkan,,13/PID.LH/2020/PT PLG,,False,teks PDF putusan sendiri,tidak,tidak,,no,Tetap dikeluarkan,Objek perkara bukan BBM kata kunci (Minyak mentah); tidak ada kata kunci.,False,peran Terdakwa dalam melakukan perbuatan tersebut berperan sebagai tukang polot atau tukang ambil minyak mentah dari dalam sumur MJ-74
X033,dikeluarkan,,58/PID.SUS/2020/PT PTK,bahan bakar minyak,False,teks PDF putusan sendiri,tidak,tidak,,no,Tetap dikeluarkan,Objek perkara bukan BBM kata kunci (LPG 3 kg); kata kunci bahan bakar minyak hanya tidak.,False,terdakwa 265 (dua ratus enam puluh lima) buah tabung Gas Liquified Petroleum Gas (LPG) 3 Kg (Subsidi Pemerintah) dengan rincian 124 (seratus dua puluh empat) tabung dalam keadaan terisi
X034,dikeluarkan,,231/PID.SUS/2019/PT PDG,bahan bakar minyak,False,teks PDF putusan sendiri,tidak,tidak,,no,Tetap dikeluarkan,Objek perkara bukan BBM kata kunci (LPG 3 kg; LPG non-subsidi); kata kunci bahan bakar minyak hanya tidak.,False,menyalahgunakan pengangkutan dan / atau niaga bahan bakar minyak yang disubsidi pemerintah berupa gas elpiji berat 3 kg
X035,dikeluarkan,,2396 K/Pid.Sus/2021,,False,isian pengode saja,tidak,tidak,konsistensi isian: tidak,no,Tetap dikeluarkan,Objek perkara bukan BBM kata kunci (Bukan BBM (narkotika ganja)); tidak ada kata kunci.,False,
