nomor_putusan,pengadilan,tingkat_persidangan,tahun_putusan,barang_bbm,klasifikasi,url_putusan,alasan_dikeluarkan
863 K/Pid.Sus/2020,MAHKAMAH AGUNG,MA,2020,NA,Pidana Khusus Migas,https://putusan3.mahkamahagung.go.id/direktori/putusan/zaee19ae19bbffd2a715323133303034.html,Objek perkara bukan BBM (kata kunci BBM/solar/biosolar/minyak tanah/pertalite tidak terpenuhi): NA
854 K/Pid.Sus/2020,MAHKAMAH AGUNG,MA,2020,LPG 3 kg,Pidana Khusus Migas,https://putusan3.mahkamahagung.go.id/direktori/putusan/zaed81c15ac57a7eb2cd313332343536.html,Objek perkara bukan BBM (kata kunci BBM/solar/biosolar/minyak tanah/pertalite tidak terpenuhi): LPG 3 kg
2540 K/PID.SUS/2020,MAHKAMAH AGUNG,MA,2020,Minyak mentah,Pidana Khusus Migas,https://putusan3.mahkamahagung.go.id/direktori/putusan/zaecfc82ed733916865b323335333030.html,Objek perkara bukan BBM (kata kunci BBM/solar/biosolar/minyak tanah/pertalite tidak terpenuhi): Minyak mentah
1752 K/Pid.Sus/2020,MAHKAMAH AGUNG,MA,2020,LPG 3 kg; LPG non-subsidi,Pidana Khusus Migas,https://putusan3.mahkamahagung.go.id/direktori/putusan/zaebc867cebcca6e9abb323134323534.html,Objek perkara bukan BBM (kata kunci BBM/solar/biosolar/minyak tanah/pertalite tidak terpenuhi): LPG 3 kg; LPG non-subsidi
2381 K/Pid.Sus/2020,MAHKAMAH AGUNG,MA,2020,LPG 3 kg,Pidana Khusus Migas,https://putusan3.mahkamahagung.go.id/direktori/putusan/zaebc791d4b19b92a8b8323031313131.html,Objek perkara bukan BBM (kata kunci BBM/solar/biosolar/minyak tanah/pertalite tidak terpenuhi): LPG 3 kg
152/Pid.B/LH/2020/PN Tte,PN TERNATE,PN,2020,Bukan BBM (emas/pertambangan mineral),Pidana Khusus Migas,https://putusan3.mahkamahagung.go.id/direktori/putusan/691b235da0ebaef09ee927da043abc5f.html,Objek perkara bukan BBM (kata kunci BBM/solar/biosolar/minyak tanah/pertalite tidak terpenuhi): Bukan BBM (emas/pertambangan mineral)
153/Pid.B/LH/2020/PN Tte,PN TERNATE,PN,2020,Bukan BBM (tambang emas),Pidana Khusus Migas,https://putusan3.mahkamahagung.go.id/direktori/putusan/6955a458d6b0ae1855efb3be4696449e.html,Objek perkara bukan BBM (kata kunci BBM/solar/biosolar/minyak tanah/pertalite tidak terpenuhi): Bukan BBM (tambang emas)
380/Pid.Sus/2020/PN.Sg,PN SERANG,PN,2020,Tidak ada (batuan/tambang mineral),Pidana Khusus Migas,https://putusan3.mahkamahagung.go.id/direktori/putusan/198d8279b7ecfa15f7f462ac69ffbf65.html,Objek perkara bukan BBM (kata kunci BBM/solar/biosolar/minyak tanah/pertalite tidak terpenuhi): Tidak ada (batuan/tambang mineral)
379/Pid.Sus/2020/PN.Sg,PN SERANG,PN,2020,Bukan BBM (penambangan tanpa IUP),Pidana Khusus Migas,https://putusan3.mahkamahagung.go.id/direktori/putusan/d615cab60106a1d0dea5e28c7db52d59.html,Objek perkara bukan BBM (kata kunci BBM/solar/biosolar/minyak tanah/pertalite tidak terpenuhi): Bukan BBM (penambangan tanpa IUP)
3457 K/Pid.Sus-LH/2021,MAHKAMAH AGUNG,MA,2021,Minyak mentah,Pidana Khusus Migas,https://putusan3.mahkamahagung.go.id/direktori/putusan/zaed01f9d4fc029c9f4f323234363435.html,Objek perkara bukan BBM (kata kunci BBM/solar/biosolar/minyak tanah/pertalite tidak terpenuhi): Minyak mentah
5056 K/Pid.Sus/2022,MAHKAMAH AGUNG,MA,2022,Bukan BBM (penambangan tanpa izin/Minerba),Pidana Khusus Migas,https://putusan3.mahkamahagung.go.id/direktori/putusan/zaedcee3a61a7398b725313731343235.html,Objek perkara bukan BBM (kata kunci BBM/solar/biosolar/minyak tanah/pertalite tidak terpenuhi): Bukan BBM (penambangan tanpa izin/Minerba)
6136 K/Pid.Sus/2022,MAHKAMAH AGUNG,MA,2022,Bukan BBM (pertambangan batubara/reklamasi),Pidana Khusus Migas,https://putusan3.mahkamahagung.go.id/direktori/putusan/zaedce2f9696c84ab2cf313934353330.html,Objek perkara bukan BBM (kata kunci BBM/solar/biosolar/minyak tanah/pertalite tidak terpenuhi): Bukan BBM (pertambangan batubara/reklamasi)
109 K/Pid.Sus/2022,MAHKAMAH AGUNG,MA,2022,NA (objek perkara tidak disebut),Pidana Khusus Migas,https://putusan3.mahkamahagung.go.id/direktori/putusan/zaed49fe792d99f68db0313432313232.html,Objek perkara bukan BBM (kata kunci BBM/solar/biosolar/minyak tanah/pertalite tidak terpenuhi): NA (objek perkara tidak disebut)
3640 K/Pid.Sus/2022,MAHKAMAH AGUNG,MA,2022,NA,Pidana Khusus Migas,https://putusan3.mahkamahagung.go.id/direktori/putusan/zaed494b5ece4e7494d5313635393138.html,Objek perkara bukan BBM (kata kunci BBM/solar/biosolar/minyak tanah/pertalite tidak terpenuhi): NA
103 K/Pid.Sus/2022,MAHKAMAH AGUNG,MA,2022,LPG 3 kg,Pidana Khusus Migas,https://putusan3.mahkamahagung.go.id/direktori/putusan/zaecfc6b4e9be8c2a551323130333535.html,Objek perkara bukan BBM (kata kunci BBM/solar/biosolar/minyak tanah/pertalite tidak terpenuhi): LPG 3 kg
6572 K/Pid.Sus-LH/2023,MAHKAMAH AGUNG,MA,2023,Minyak mentah,Pidana Khusus Migas,https://putusan3.mahkamahagung.go.id/direktori/putusan/zaef719d5cd11c56b1a0313335363535.html,Objek perkara bukan BBM (kata kunci BBM/solar/biosolar/minyak tanah/pertalite tidak terpenuhi): Minyak mentah
1443 K/Pid.Sus/2023,MAHKAMAH AGUNG,MA,2023,Bukan BBM (balok timah),Pidana Khusus Migas,https://putusan3.mahkamahagung.go.id/direktori/putusan/zaeed05ec9a2aecaadb8303931333232.html,Objek perkara bukan BBM (kata kunci BBM/solar/biosolar/minyak tanah/pertalite tidak terpenuhi): Bukan BBM (balok timah)
5610 K/Pid.Sus/2023,MAHKAMAH AGUNG,MA,2023,LPG 3 kg; LPG non-subsidi,Pidana Khusus Migas,https://putusan3.mahkamahagung.go.id/direktori/putusan/zaeebfe2c51a6406a5cf303934353138.html,Objek perkara bukan BBM (kata kunci BBM/solar/biosolar/minyak tanah/pertalite tidak terpenuhi): LPG 3 kg; LPG non-subsidi
186/Pid.Sus/2024/PN Cjr,PN CIANJUR,PN,2024,LPG 3 kg,Pidana Khusus Migas,https://putusan3.mahkamahagung.go.id/direktori/putusan/zaef4969f62039cac026313030383132.html,Objek perkara bukan BBM (kata kunci BBM/solar/biosolar/minyak tanah/pertalite tidak terpenuhi): LPG 3 kg
257/PID.SUS/2020/PT PDG,PT PADANG,PT,2020,Bukan BBM (narkotika ganja),Pidana Khusus Narkotika dan Psikotropika Pidana Khusus Narkotika dan Psikotropika,https://putusan3.mahkamahagung.go.id/direktori/putusan/zaeb32b93e9a18d690cd313030373536.html,Objek perkara bukan BBM (kata kunci BBM/solar/biosolar/minyak tanah/pertalite tidak terpenuhi): Bukan BBM (narkotika ganja)
119/Pid.Sus/2020/PN Kbr,PN KOTOBARU,PN,2020,Bukan BBM (narkotika ganja),Pidana Khusus Narkotika dan Psikotropika Pidana Khusus Narkotika dan Psikotropika,https://putusan3.mahkamahagung.go.id/direktori/putusan/zaeb6e1f61c06788b147303031373432.html,Objek perkara bukan BBM (kata kunci BBM/solar/biosolar/minyak tanah/pertalite tidak terpenuhi): Bukan BBM (narkotika ganja)
11/PID.SUS-LH/2021/PT JMB,PT JAMBI,PT,2021,Minyak mentah,Pidana Khusus Pidana Khusus Lingkungan Hidup,https://putusan3.mahkamahagung.go.id/direktori/putusan/zaeb7018792029f4a17e313233333137.html,Objek perkara bukan BBM (kata kunci BBM/solar/biosolar/minyak tanah/pertalite tidak terpenuhi): Minyak mentah
209/PID.SUS/2021/PT PBR,PT PEKANBARU,PT,2021,NA (objek perkara tidak disebut),Pidana Khusus Pidana Khusus Pertambangan,https://putusan3.mahkamahagung.go.id/direktori/putusan/zaebc8272f857d648f6b313430303139.html,Objek perkara bukan BBM (kata kunci BBM/solar/biosolar/minyak tanah/pertalite tidak terpenuhi): NA (objek perkara tidak disebut)
29/Pid.Sus/2021/PN Swl,PN SAWAHLUNTO,PN,2021,Bukan BBM (penambangan tanpa izin/Minerba),Pidana Khusus Pidana Khusus Pertambangan,https://putusan3.mahkamahagung.go.id/direktori/putusan/zaec268725b11d2aac24313632343033.html,Objek perkara bukan BBM (kata kunci BBM/solar/biosolar/minyak tanah/pertalite tidak terpenuhi): Bukan BBM (penambangan tanpa izin/Minerba)
36/Pid.Sus/2022/PN Klk,PN KUALA KAPUAS,PN,2022,Bukan BBM (narkotika sabu),Pidana Khusus Narkotika dan Psikotropika Pidana Khusus Narkotika dan Psikotropika,https://putusan3.mahkamahagung.go.id/direktori/putusan/zaecb937188413a88170303833313232.html,Objek perkara bukan BBM (kata kunci BBM/solar/biosolar/minyak tanah/pertalite tidak terpenuhi): Bukan BBM (narkotika sabu)
68/PID.SUS/2022/PT PLK,PT PALANGKARAYA,PT,2022,Bukan BBM (narkotika sabu),Pidana Khusus Narkotika dan Psikotropika Pidana Khusus Narkotika dan Psikotropika,https://putusan3.mahkamahagung.go.id/direktori/putusan/zaecd02cff1009ca83a5313333393532.html,Objek perkara bukan BBM (kata kunci BBM/solar/biosolar/minyak tanah/pertalite tidak terpenuhi): Bukan BBM (narkotika sabu)
107/Pid.Sus/2022/PN Kba,PN Koba,PN,2022,Bukan BBM (balok timah),Pidana Khusus Pidana Khusus Lain-lain,https://putusan3.mahkamahagung.go.id/direktori/putusan/zaed8ce081dde586a35b313730353339.html,Objek perkara bukan BBM (kata kunci BBM/solar/biosolar/minyak tanah/pertalite tidak terpenuhi): Bukan BBM (balok timah)
4992 K/Pid.Sus/2022,MAHKAMAH AGUNG,MA,2022,Bukan BBM (narkotika sabu),Pidana Khusus Narkotika dan Psikotropika,https://putusan3.mahkamahagung.go.id/direktori/putusan/zaedcee5aa5245c492cb313732383531.html,Objek perkara bukan BBM (kata kunci BBM/solar/biosolar/minyak tanah/pertalite tidak terpenuhi): Bukan BBM (narkotika sabu)
350/Pid.Sus/2022/PN Mdn,PN MEDAN,PN,2022,LPG 3 kg; LPG non-subsidi,Pidana Khusus Pidana Khusus Lain-lain,https://putusan3.mahkamahagung.go.id/direktori/putusan/zaedeaf3b5d38b2c9298313031393536.html,Objek perkara bukan BBM (kata kunci BBM/solar/biosolar/minyak tanah/pertalite tidak terpenuhi): LPG 3 kg; LPG non-subsidi
109/Pid.B/LH/2023/PN Lsk,PN LHOK SUKON,PN,2023,Minyak mentah,Pidana Khusus Pidana Khusus Lingkungan Hidup,https://putusan3.mahkamahagung.go.id/direktori/putusan/zaee21eea9b0cfda9207303933323232.html,Objek perkara bukan BBM (kata kunci BBM/solar/biosolar/minyak tanah/pertalite tidak terpenuhi): Minyak mentah
300/PID.SUS-LH/2023/PT BNA,PT BANDA ACEH,PT,2023,Minyak mentah,Pidana Khusus Pidana Khusus Lingkungan Hidup,https://putusan3.mahkamahagung.go.id/direktori/putusan/zaee47b0fdc94c2ca4cb313034363339.html,Objek perkara bukan BBM (kata kunci BBM/solar/biosolar/minyak tanah/pertalite tidak terpenuhi): Minyak mentah
13/PID.LH/2020/PT PLG,PT PALEMBANG,PT,2020,Minyak mentah,Pidana Khusus Pidana Khusus Lingkungan Hidup,https://putusan3.mahkamahagung.go.id/direktori/putusan/79afccdf753f5f42c51c6ae71a866974.html,Objek perkara bukan BBM (kata kunci BBM/solar/biosolar/minyak tanah/pertalite tidak terpenuhi): Minyak mentah
58/PID.SUS/2020/PT PTK,PT PONTIANAK,PT,2020,LPG 3 kg,Pidana Khusus Pidana Khusus Lain-lain,https://putusan3.mahkamahagung.go.id/direktori/putusan/d95e0ded3c5fb296d3b5e79541b8c3ad.html,Objek perkara bukan BBM (kata kunci BBM/solar/biosolar/minyak tanah/pertalite tidak terpenuhi): LPG 3 kg
231/PID.SUS/2019/PT PDG,PT PADANG,PT,2020,LPG 3 kg; LPG non-subsidi,Pidana Khusus Pidana Khusus Lain-lain,https://putusan3.mahkamahagung.go.id/direktori/putusan/694b587b8d8f3c7f13851c58a48a9cea.html,Objek perkara bukan BBM (kata kunci BBM/solar/biosolar/minyak tanah/pertalite tidak terpenuhi): LPG 3 kg; LPG non-subsidi
2396 K/Pid.Sus/2021,MAHKAMAH AGUNG,MA,2021,Bukan BBM (narkotika ganja),Pidana Khusus Narkotika dan Psikotropika,https://putusan3.mahkamahagung.go.id/direktori/putusan/zaecfbad9aee10c4aca8323232353538.html,Objek perkara bukan BBM (kata kunci BBM/solar/biosolar/minyak tanah/pertalite tidak terpenuhi): Bukan BBM (narkotika ganja)
