file_pdf,nomor_teks,tingkat_teks,tanggal_putusan_teks,tahun_putusan_teks,tahun_kejadian_kandidat,tahun_disebut_dakwaan,hasil_kandidat,dasar_hasil_kandidat,jenis_bbm_disebut,jenis_bbm_di_amar,relevan_bbm_kandidat,volume_liter_di_amar,volume_liter_di_amar_jumlah,volume_liter_maks_teks,volume_ton_di_teks,rp_kerugian_negara,rp_hasil_lelang,rp_harga_per_liter,rp_denda_di_amar,pasal_uu_migas,modus_dari_amar,pengadilan_asal_teks,panjang_teks
pdf/100 K_PID.SUS_2020.pdf,100 K/Pid.Sus/2020,MA (Kasasi),3 Februari 2020,2020,,,,permohonan kasasi penuntut umum ditolak: ikut putusan sebelumnya,Solar/Biosolar (9),,Ya,,,295.0,,,,,,55;53b,,PN BANJARBARU,12539
pdf/103_K_Pid.Sus_2022.pdf,103 K/Pid.Sus/2022,MA (Kasasi),8 Februari 2022,2022,,,,permohonan kasasi penuntut umum ditolak: ikut putusan sebelumnya,LPG/Gas (28),LPG/Gas,Tidak,,,,,,,,5000000,53d,,PN PONTIANAK,11617
pdf/104 K_Pid.Sus_2022.pdf,104 K/Pid.Sus/2022,MA (Kasasi),8 Februari 2022,2022,2018,2018,Bersalah,permohonan kasasi/PK terdakwa ditolak (pemidanaan tetap berlaku),Solar/Biosolar (3),,Ya,,,,,,,,,53c,,PN KOTO BARU,8660
pdf/105_PID.SUS_2021_PT_BJM.pdf,105/PID.SUS/2021/PT BJM,PT,16 Juni 2021,2021,2020,2020;2021,,menguatkan putusan sebelumnya: ikut putusan sebelumnya,Solar/Biosolar (37),,Ya,,,5000.0,,,,6400,,53c;53d;53,,PN MARTAPURA,31960
pdf/109_Pid.B_LH_2023_PN_Lsk.pdf,109/Pid.B/LH/2023/PN Lsk,PN,11 Juli 2023,2023,2023,2023,Bersalah,amar menyatakan terdakwa terbukti bersalah,Minyak mentah (20),Minyak mentah,Ya,,,210.0,,,,,,,,PN LHOKSUKON,44878
pdf/117_PID.SUS_2020_PT_PTK.pdf,117/PID.SUS/2020 /PT PTK,PT,26 Juni 2020,2020,2019,2019,,menguatkan putusan sebelumnya: ikut putusan sebelumnya,Solar/Biosolar (16),,Ya,,,3890.224,,,,5000;5500,,53d,,PN KETAPANG,25150
pdf/117_Pid.Sus_2023_PN_Unr.pdf,117/PID.Sus/2023/PN Unr,PN,18 September 2023,2023,2021,2021,Bersalah,amar menyatakan terdakwa terbukti bersalah,Solar/Biosolar (300); Bensin (jenis tidak disebut) (7); Minyak tanah (3); Dexlite (2); Premium (1),Solar/Biosolar,Ya,16000,16000.0,16000.0,7;16,,,50;100;5150;5700;9500,30000000,55,55,PN UNGARAN,136215
pdf/118_PID.SUS_2020_PT_PTK.pdf,118/PID.SUS/2020/PT PTK,PT,1 Juli 2020,2020,2019,2019,,menguatkan putusan sebelumnya: ikut putusan sebelumnya,Solar/Biosolar (14),,Ya,,,1970.234,,,,5000;6000,,53d;53c,,PN KETAPANG,17846
pdf/119_Pid.Sus_2020_PN_Kbr.pdf,119/Pid.Sus/2020/PN Kbr,PN,29 September 2020,2020,2020,2020,Bersalah,amar menyatakan terdakwa terbukti bersalah,,,NA,,,,,,,,,55,,PN KOTO BARU,52991
pdf/11_PID.SUS-LH_2021_PT_JMB.pdf,11/PID.SUS-LH/2021/PTJMB,PT,16 Februari 2021,2021,2020,2020,Bersalah,amar menyatakan terdakwa terbukti bersalah,Minyak mentah (17); Solar/Biosolar (2),Minyak mentah,Ya,10100,10100.0,10100.0,,,,,500000000,53b;53d,,PN JAMBI,34978
pdf/11_PID.SUS_2020_PT_PTK.pdf,11/Pid.Sus/2020/PT.PTK,PT,29 Januari 2020,2020,2018,2018,,menguatkan putusan sebelumnya: ikut putusan sebelumnya,Solar/Biosolar (43),,Ya,,,720.0,,,,500;6500;7000,,53d,,PN PERPANJANGAN OLEH KETUA PENGADILAN NEGERI,29897
pdf/11_Pid.Sus_2020_PN_Ktp.pdf,11/Pid.Sus/2020/PN Ktp,PN,14 Mei 2020,2020,2019,2019,Bersalah,amar menyatakan terdakwa terbukti bersalah,Solar/Biosolar (23),Solar/Biosolar,Ya,3890.22,3890.224,4000.0,,,,500;5000;5500,3000000,53d,53d,PN KETAPANG,23542
pdf/1214 K_Pid.Sus_2020.pdf,1214 K/Pid.Sus/2020,MA (Kasasi),16 Juni 2020,2020,,,Bersalah,permohonan kasasi/PK terdakwa ditolak (pemidanaan tetap berlaku),Solar/Biosolar (9),,Ya,,,1007.08,,,,5500;6500,2000000,53d,,PN MEMPAWAH,11100
pdf/121_PID_LH_2021_PT_BNA.pdf,121/PID/LH/2021/PT.BNA,PT,26 April 2021,2021,2020,2020,Bersalah,amar menyatakan terdakwa terbukti bersalah,Premium (12); Pertalite (1); Pertamax (1); LPG/Gas (1),,Ya,117,117.0,140.0,,,,2350;6650;7300;9000,,53d,53d,PN TAKENGON,23565
pdf/123_Pid.Sus_2022_PN_Lbo.pdf,4520 K/Pid.Sus/2023,MA (Kasasi),13 September 2023,2023,2022,2022,,permohonan kasasi penuntut umum ditolak: ikut putusan sebelumnya,Solar/Biosolar (16),,Ya,,,35.0,,,,1350;5150;6500,,55,,PN LIMBOTO,15981
pdf/125_Pid.B_LH_2020_PN Tte.pdf,125/Pid.Sus/2020/PN Tte,PN,9 Juli 2020,2020,2019,2019,Bersalah,amar menyatakan terdakwa terbukti bersalah,Pertalite (45); Premium (41); Bensin (jenis tidak disebut) (36); Solar/Biosolar (1),,Ya,,,1000.0,1,,4875000,6450;7000;7850;8200;9000;10000,,55;53b,55,PN TERNATE,46975
pdf/1272_PK_Pid.Sus_2024.pdf,1272 PK/Pid.Sus/2024,MA (PK),6 September 2024,2024,,,Bersalah,permohonan kasasi/PK terdakwa ditolak (pemidanaan tetap berlaku),Solar/Biosolar (9),,Ya,,,,,,,,,55,,PN LIMBOTO,14351
pdf/128_PID.SUS_2019_PT_JMB.pdf,128/PID.SUS/2019/PT.JMB,PT,22 Januari 2020,2020,2019,2019,,menguatkan putusan sebelumnya: ikut putusan sebelumnya,Solar/Biosolar (18),,Ya,,,6000.0,,,,,,55,,PN TANJUNG JABUNG TIMUR,13290
pdf/129_PID.SUS_2019_PT_JMB.pdf,129/PID.SUS/2019/PTJMB,PT,22 Januari 2020,2020,2019,2019,Bersalah,amar menyatakan terdakwa terbukti bersalah,Solar/Biosolar (22),Solar/Biosolar,Ya,,,6000.0,,,,,100000000,55,55;53b,PN TANJUNG JABUNG TIMUR,19798
pdf/12_PID.SUS-LH_2023_PT_JMB.pdf,12/PID.SUS-LH/2023/PT JMB,PT,3 Februari 2023,2023,,,,menguatkan putusan sebelumnya: ikut putusan sebelumnya,Solar/Biosolar (55),,Ya,,,200.0,,,,,,53;55,,PN JAMBI,24825
pdf/12_Pid.Sus_2020_PN_Ktp.pdf,12/Pid.Sus/2020/PN Ktp,PN,14 Mei 2020,2020,2019,2019,Bersalah,amar menyatakan terdakwa terbukti bersalah,Solar/Biosolar (23),Solar/Biosolar,Ya,1970.23,1970.234,2000.0,,,,1000;5000;6000,3000000,53d,53d,PN KETAPANG,23070
pdf/1304_K_Pid.Sus_2024.pdf,1304 K/Pid.Sus/2024,MA (Kasasi),16 Februari 2024,2024,,,,permohonan kasasi penuntut umum ditolak: ikut putusan sebelumnya,Solar/Biosolar (18),,Ya,,,12000.0,,,,8000;9800,,55,,PN REMBANG,14968
pdf/130_PID.SUS_2020_PT_BJM.pdf,130/PID.SUS/2020/PT BJM,PT,2 September 2020,2020,2020,2020,Bersalah,amar menyatakan terdakwa terbukti bersalah,Premium (21),Premium,Ya,1100,1100.0,1100.0,,,,8250;8900,,53b,,PN TANJUNG,28759
pdf/139_PID.SUS_2020_PT_BJM.pdf,139/PID.SUS/2020/PT BJM,PT,8 September 2020,2020,2020,2020,Bersalah,amar menyatakan terdakwa terbukti bersalah,Solar/Biosolar (29),Solar/Biosolar,Ya,420,420.0,420.0,,,,,,53d,53b;53d,PN MARTAPURA,17934
pdf/139_PID.SUS_2020_PT_PDG.pdf,139/PID.SUS/2020/PT PDG,PT,8 Juli 2020,2020,2018,2018,,menguatkan putusan sebelumnya: ikut putusan sebelumnya,Solar/Biosolar (65),,Ya,,,900.0,,,,,,55;53c,,PN KOTO BARU,76142
pdf/13_PID.LH_2020_PT_PLG.pdf,13 /PID.LH/2020/PT PLG,PT,4 Februari 2020,2020,2019,2019,Bersalah,amar menyatakan terdakwa terbukti bersalah,Minyak mentah (1),,Sebagian,10;200,210.0,200.0,,,,,,55,,PN PERPANJANGAN OLEH KETUA PENGADILAN NEGERI,21998
pdf/140_PID.SUS_2020_PT_PDG.pdf,140/PID.SUS/2020/PT PDG,PT,8 Juli 2020,2020,2018,2018,,menguatkan putusan sebelumnya: ikut putusan sebelumnya,Solar/Biosolar (100),,Ya,,,900.0,,,,,,53c,,PN KOTO BARU,97814
pdf/1443_K_Pid.Sus_2023.pdf,1443 K/Pid.Sus/2023,MA (Kasasi),30 Mei 2023,2023,,,,permohonan kasasi penuntut umum ditolak: ikut putusan sebelumnya,,,NA,,,,,,,,,,,PN KOBA,14772
pdf/152_Pid.B_LH_2020_PN Tte.pdf,152/Pid.B/LH/2020/PN Tte,PN,17 September 2020,2020,2020,2020,Bersalah,amar menyatakan terdakwa terbukti bersalah,Bensin (jenis tidak disebut) (1),,Ya,,,,,,,,,,,PN TERNATE,31086
pdf/153_Pid.B_LH_2020_PN Tte.pdf,153/Pid.B/LH/2020/PN Tte,PN,17 September 2020,2020,2020,2016;2020,Bersalah,amar menyatakan terdakwa terbukti bersalah,,,NA,,,,,,,,,,,PN TERNATE,37776
pdf/154_Pid.Sus_2019_PN_Bek.pdf,154/Pid.Sus/2019/PN Bek,PN,8 Januari 2020,2020,2018,2018,Bersalah,amar menyatakan terdakwa terbukti bersalah,Solar/Biosolar (88); Minyak tanah (4),,Ya,30;720,750.0,720.0,,,,500;6500;7000,,53d;55;53b;53c,53d,PN BENGKAYANG,53561
pdf/186_Pid.Sus_2024_PN_Cjr_(e-Berpadu).pdf,186/Pid.Sus/2024/PN Cjr,PN,11 Juli 2024,2024,2024,2024,Bersalah,amar menyatakan terdakwa terbukti bersalah,LPG/Gas (283),LPG/Gas,Tidak,,,,,,,,,55,,PN CIANJUR,76083
pdf/195_Pid.Sus_2020_PN_Sdw.pdf,195/Pid.Sus/2020/PN Sdw,PN,8 Februari 2021,2021,2020,2020,Bersalah,amar menyatakan terdakwa terbukti bersalah,Pertalite (85); Bensin (jenis tidak disebut) (22); Premium (21); LPG/Gas (15); Solar/Biosolar (9); Minyak tanah (3); MFO/Minyak bakar (2); Avtur (1),Pertalite,Ya,,,700.0,,,,900;1000;6600;7500;8000;9000,2000000,53b;53d,,PN KUTAI BARAT,87758
pdf/21_PID.SUS_2023_PT_GTO.pdf,21/PID.SUS/2023/PT GTO,PT,13 April 2023,2023,2022,2022,Bersalah,amar menyatakan terdakwa terbukti bersalah,Solar/Biosolar (28); Bensin (jenis tidak disebut) (1),Solar/Biosolar,Ya,,,180.0,,,,1350;5150,,55,55,PN LIMBOTO,18258
pdf/220_PID.SUS_2020_PT_PDG.pdf,220/PID.SUS/2020/PT PDG,PT,15 Oktober 2020,2020,2019,2019,Bersalah,amar menyatakan terdakwa terbukti bersalah,Premium (37),Premium,Ya,,,,,,,,,53b;53d,,PN PAYAKUMBUH,23836
pdf/220_Pid.Sus_2020_PN_Smp.pdf,220/Pid.Sus/2020/PN Smp,PN,25 Februari 2021,2021,2019,2019,Tidak bersalah,amar melepaskan terdakwa dari segala tuntutan hukum (onslag),Solar/Biosolar (134); Bensin (jenis tidak disebut) (1),Solar/Biosolar,Ya,2;200;400;5000;16000;32000;35000,88602.0,35000.0,5;8;42,,,7700;10000,,53d,,PN SUMENEP,104355
pdf/231_PID.SUS_2019_PT_PDG.pdf,231/PID.SUS/2019/PT PDG,PT,8 Januari 2020,2020,2019,2019,,menguatkan putusan sebelumnya: ikut putusan sebelumnya,LPG/Gas (120),,Tidak,,,,,,,,,,,PN PERPANJANGAN PERTAMA OLEH KETUA PENGADILAN,25247
pdf/231_Pid.Sus_2020_PN_Mtp.pdf,231/Pid.Sus/2020/PN.Mtp,PN,6 Januari 2021,2021,2020,2020,Bersalah,amar menyatakan terdakwa terbukti bersalah,Premium (180); Bensin (jenis tidak disebut) (87); LPG/Gas (4); Pertamax (1),Premium; Bensin (jenis tidak disebut),Ya,2450,2450.0,4500.0,,,,200;4450;6450;6650,1000000,53d,,PN MARTAPURA,99943
pdf/249_K_Pid.Sus-LH_2022.pdf,249 K/Pid.Sus-LH/2022,MA (Kasasi),16 Februari 2022,2022,,,Bersalah,permohonan kasasi/PK terdakwa ditolak (pemidanaan tetap berlaku),Premium (4),,Ya,,,117.0,,,,,,53d,,PN TAKENGON,11516
pdf/251_PID.SUS-LH_2021_PT_SBY.pdf,251/PID.SUS-LH/2021/PT SBY,PT,5 April 2021,2021,2020,2020,,menguatkan putusan sebelumnya: ikut putusan sebelumnya,Premium (45); Minyak mentah (23); Bensin (jenis tidak disebut) (2),,Ya,,,1210.0,,,,1000;7800,,54;55,,PN KRAKSAAN,28555
pdf/2530_K_Pid.Sus_2023.pdf,2530 K/Pid.Sus/2023,MA (Kasasi),2 Agustus 2023,2023,,,Bersalah,permohonan kasasi/PK terdakwa ditolak (pemidanaan tetap berlaku),Solar/Biosolar (8); LPG/Gas (1),,Ya,,,,,,,5150,,55,,PN KOTABARU,15746
pdf/2536 K_Pid.Sus_2021.pdf,2536 K/Pid.Sus/2021,MA (Kasasi),1 September 2021,2021,,,Bersalah,permohonan kasasi/PK terdakwa ditolak (pemidanaan tetap berlaku),Solar/Biosolar (7); Minyak mentah (5); Minyak tanah (1),,Ya,,,32000.0,,,,,,53a;55,,PN DUMAI,14263
pdf/257_PID.SUS_2020_PT_PDG.pdf,257/PID.SUS/2020/PT PDG,PT,25 November 2020,2020,2020,2020,,menguatkan putusan sebelumnya: ikut putusan sebelumnya,,,NA,,,,,,,,,55,,PN KOTO BARU,21898
pdf/25_K_Pid.Sus_2022.pdf,25 K/Pid.Sus/2022,MA (Kasasi),8 Februari 2022,2022,,,Bersalah,permohonan kasasi/PK terdakwa ditolak (pemidanaan tetap berlaku),Premium (3),,Ya,,,1100.0,,,,,,53b,,PN TANJUNG,11350
pdf/262_PID.SUS_2023_PT_SMG.pdf,262/PID.SUS/2023/PT SMG,PT,29 Mei 2023,2023,2022,2022,Bersalah,amar menyatakan terdakwa terbukti bersalah,Solar/Biosolar (121); Minyak mentah (25); Minyak tanah (7); Bensin (jenis tidak disebut) (4); MFO/Minyak bakar (3); Avtur (1),Solar/Biosolar,Ya,24000,24000.0,24000.0,8,,,500,,55;54,55,PN BLORA,95002
pdf/266_Pid.Sus_2019_PN Pli.pdf,266/Pid.Sus/2019/PN.Pli,PN,5 Februari 2020,2020,2019,2019,Bersalah,amar menyatakan terdakwa terbukti bersalah,Solar/Biosolar (55),Solar/Biosolar,Ya,92,92.0,92.0,,,,2850;5150;8000,,53c,53c,PN PELAIHARI,37836
pdf/27_Pid.Sus_2020_PN Pli.pdf,27/Pid.Sus/2020/PN Pli,PN,26 Februari 2020,2020,2019,2019,Bersalah,amar menyatakan terdakwa terbukti bersalah,Solar/Biosolar (53),Solar/Biosolar,Ya,1000,1000.0,1000.0,,,,500;7000;7500,,53d,53d,PN PELAIHARI,37718
pdf/28_Pid.Sus_2020_PN Mrh.pdf,28/Pid.Sus/2020/PN Mrh,PN,4 Mei 2020,2020,2018-2019,2018;2019,Bersalah,amar menyatakan terdakwa terbukti bersalah,Solar/Biosolar (100); Minyak tanah (4); Premium (1); Bensin (jenis tidak disebut) (1),,Ya,,,20500.0,,,,6050;8400;9000,,55,55,PN MARABAHAN,52921
pdf/30 K_Pid.Sus-LH_2020.pdf,30 K/Pid.Sus-LH/2020,MA (Kasasi),13 Februari 2020,2020,,,,permohonan kasasi penuntut umum ditolak: ikut putusan sebelumnya,Solar/Biosolar (9),,Ya,,,31705.0,2,,,,,55,,PN JAYAPURA,24778
pdf/300_PID.SUS-LH_2023_PT_BNA.pdf,300/PID.SUS-LH/2023/PT.BNA,PT,31 Agustus 2023,2023,2023,2023,,menguatkan putusan sebelumnya: ikut putusan sebelumnya,Minyak mentah (5),,Ya,,,210.0,,,,,,,,PN PERPANJANGAN OLEH KETUA PENGADILAN NEGERI,16775
pdf/3221_K_Pid.Sus_2023.pdf,3221 K/Pid.Sus/2023,MA (Kasasi),9 Agustus 2023,2023,2022,2022,Bersalah,amar menyatakan terdakwa terbukti bersalah,Solar/Biosolar (24),Solar/Biosolar,Ya,60000,60000.0,60000.0,30;48;60,,,1000,,55,55,PN SIBOLGA,20655
pdf/326_Pid.Sus_2020_PN_Dum.pdf,326/Pid.Sus/2020/PN Dum,PN,10 November 2020,2020,2020,2020,Bersalah,amar menyatakan terdakwa terbukti bersalah,Minyak mentah (188); Solar/Biosolar (95); MFO/Minyak bakar (7); Bensin (jenis tidak disebut) (3); Minyak tanah (3); Avtur (3),Solar/Biosolar; Minyak mentah,Ya,7000;12000;13000;14000;32000,78000.0,44757.0,4;7;11;12;13;14;32,,,500;3500,20000000,,,PN DUMAI,132748
pdf/330_PID_2019_PT_BNA.pdf,330/PID/2019/PT .BNA,PT,6 Januari 2020,2020,2019,2019;2020,Bersalah,amar menyatakan terdakwa terbukti bersalah,Premium (9),Premium,Ya,40,40.0,40.0,,,,2250;6450;9000,1000000,53b;53d,53d,PN BIREUEN,27668
pdf/3457 K_Pid.Sus-LH_2021.pdf,3457 K/Pid.Sus-LH/2021,MA (Kasasi),10 November 2021,2021,,,Bersalah,permohonan kasasi/PK terdakwa ditolak (pemidanaan tetap berlaku),Minyak mentah (7),,Sebagian,,,10100.0,,,,,,53b,,PN JAMBI,12215
pdf/34_Pid.Sus_2021_PN Ngb.pdf,34/Pid.Sus/2021/PN Ngb,PN,23 Juni 2021,2021,2020,2020,Bersalah,amar menyatakan terdakwa terbukti bersalah,Minyak tanah (92); Avtur (4),Minyak tanah,Ya,600,600.0,5000.0,,,,300;9500;10000;480000,,53b,53b,PN NANGA BULIK,44392
pdf/3773_K_Pid.Sus.LH_2023.pdf,3773 K/Pid.Sus.LH/2023,MA (Kasasi),9 Agustus 2023,2023,,,,permohonan kasasi penuntut umum ditolak: ikut putusan sebelumnya,Solar/Biosolar (20),,Ya,,,,,,,,,55,,PN PANGKALAN BALAI,18366
pdf/3923 K_Pid.Sus_2022.pdf,3923 K/Pid.Sus/2022,MA (Kasasi),1 September 2022,2022,,,,permohonan kasasi penuntut umum ditolak: ikut putusan sebelumnya,Pertalite (5),,Ya,,,,,,,8000,2000000,53b,,PN KUTAI BARAT,12245
pdf/3987_K_Pid.Sus_2023.pdf,3987 K/Pid.Sus/2023,MA (Kasasi),15 Agustus 2023,2023,,,,permohonan kasasi penuntut umum ditolak: ikut putusan sebelumnya,Solar/Biosolar (11),,Ya,,,1500.0,1.5,,,500,,55,,PN RANTAU PRAPAT NOM,14209
pdf/43-K_PM.II-11_AD_IX_2025.pdf,43-K/PM.II-11/AD/IX/2025,Pengadilan Militer,30 Oktober 2025,2025,2025,2000;2023;2024;2025,Bersalah,amar menyatakan terdakwa terbukti bersalah,Pertalite (294); Bensin (jenis tidak disebut) (8); Pertamax (5); Dexlite (2); Pertamina Dex (2); Solar/Biosolar (1),Pertalite,Ya,,,660.0,,,,1000;2000;10000;11000;12000,1000000000,55,55,PN PURBALINGGA,190071
pdf/439 K_Pid.Sus_2022.pdf,439 K/Pid.Sus/2022,MA (Kasasi),24 Februari 2022,2022,,,Bersalah,amar menyatakan terdakwa terbukti bersalah,Solar/Biosolar (28),,Ya,,,35000.0,,,,,,53d,,PN SUMENEP,29030
pdf/4506_K_Pid.Sus-LH_2023.pdf,4506 K/Pid.Sus-LH/2023,MA (Kasasi),5 Oktober 2023,2023,,,Bersalah,permohonan kasasi/PK terdakwa ditolak (pemidanaan tetap berlaku),Solar/Biosolar (9),,Ya,,,1080.0,,,,,,55,,PN TUBAN,11785
pdf/4814_K_Pid.Sus_2023.pdf,4814 K/Pid.Sus/2023,MA (Kasasi),13 September 2023,2023,,,Bersalah,amar menyatakan terdakwa terbukti bersalah,Solar/Biosolar (12),Solar/Biosolar,Ya,60000,60000.0,60000.0,30;48;60,,,1000,1000000000,55,55,PN SIBOLGA,18734
pdf/4922 K_Pid.Sus_2022.pdf,4922 K/Pid.Sus/2022,MA (Kasasi),5 September 2022,2022,2020,2020,Bersalah,amar menyatakan terdakwa terbukti bersalah,Minyak tanah (12); Avtur (1),Minyak tanah,Ya,600,600.0,5000.0,,,,300;9500,,53b,53b,PN NANGA BULIK,16446
pdf/4992_K_Pid.Sus_2022.pdf,4992 K/Pid.Sus/2022,MA (Kasasi),29 September 2022,2022,,,Bersalah,permohonan kasasi/PK terdakwa ditolak (pemidanaan tetap berlaku),,,NA,,,,,,,,,,,PN KUALA KAPUAS,10753
pdf/5056 K_Pid.Sus_2022.pdf,5056 K/Pid.Sus/2022,MA (Kasasi),13 Oktober 2022,2022,,,,permohonan kasasi penuntut umum ditolak: ikut putusan sebelumnya,,,NA,,,,,,,,,,,PN SAWAHLUNTO,9079
pdf/518 K_Pid.Sus.LH_2020.pdf,518 K/Pid.Sus.LH/2020,MA (Kasasi),22 April 2020,2020,,,,permohonan kasasi penuntut umum ditolak: ikut putusan sebelumnya,Premium (6); Pertalite (3); Bensin (jenis tidak disebut) (3),,Ya,,,66.0,,,,,,53d,,PN TOLITOLI,10544
pdf/524 K_Pid.Sus_2020.pdf,524 K/Pid.Sus/2020,MA (Kasasi),22 April 2020,2020,,,,permohonan kasasi penuntut umum ditolak: ikut putusan sebelumnya,Premium (2); Bensin (jenis tidak disebut) (2),,Ya,,,350.0,,,,,,53d,,PN KOTABUMI,10079
pdf/543 K_Pid.Sus LH_2020.pdf,543 K/Pid.Sus LH/2020,MA (Kasasi),22 April 2020,2020,,,,permohonan kasasi penuntut umum ditolak: ikut putusan sebelumnya,Premium (2); Bensin (jenis tidak disebut) (2),,Ya,,,10.0,,,,,,53d,,PN TOLITOLI,10392
pdf/5569_K_Pid.Sus_2023.pdf,5569 K/Pid.Sus/2023,MA (Kasasi),16 November 2023,2023,2022,2022,Bersalah,permohonan kasasi/PK terdakwa ditolak (pemidanaan tetap berlaku),Solar/Biosolar (9),,Ya,,,60000.0,48;60,,,1000,,53d;55,,PN SIBOLGA,19289
pdf/5592_K_Pid.Sus_2023.pdf,5592 K/Pid.Sus/2023,MA (Kasasi),26 Oktober 2023,2023,,,Bersalah,permohonan kasasi/PK terdakwa ditolak (pemidanaan tetap berlaku),Solar/Biosolar (12),,Ya,,,920.0,,,,,,53c,,PN TAKALAR,12364
pdf/56_K_Pid.Sus_2024.pdf,56 K/Pid.Sus/2024,MA (Kasasi),21 Februari 2024,2024,,,,permohonan kasasi penuntut umum ditolak: ikut putusan sebelumnya,Solar/Biosolar (23),,Ya,,,16000.0,,,,5150;5700,30000000,55,,PN UNGARAN,19146
pdf/5786_K_Pid.Sus_2023.pdf,5786 K/Pid.Sus/2023,MA (Kasasi),16 November 2023,2023,,,Bersalah,amar menyatakan terdakwa terbukti bersalah,Solar/Biosolar (16),Solar/Biosolar,Ya,560,560.0,560.0,,,4726000,,10000000,55,55,PN DONGGALA,19433
pdf/57_PID.LH_2023_PT_PLG.pdf,57/PID.LH/2023/PT PLG,PT,5 April 2023,2023,2022,2022;2023,Bersalah,amar menyatakan terdakwa terbukti bersalah,Solar/Biosolar (111),Solar/Biosolar,Ya,,,3000.0,,,,1400,1000000000,55,55,PN PERPANJANGAN PERTAMA OLEH KETUA PENGADILAN,42825
pdf/580_PK_Pid.Sus_2023.pdf,580 PK/Pid.Sus/2023,MA (PK),14 September 2023,2023,,,Bersalah,permohonan kasasi/PK terdakwa ditolak (pemidanaan tetap berlaku),Minyak tanah (5),,Ya,,,600.0,,,,,,53b,,PN NANGA BULIK,12142
pdf/588_PID.SUS-LH_2023_PT_SBY.pdf,588/PID.SUS-LH/2023/PT SBY,PT,14 Juni 2023,2023,2022,2022,,menguatkan putusan sebelumnya: ikut putusan sebelumnya,Solar/Biosolar (29),,Ya,,,1440.0,1,,,6800,,55,,PN TUBAN,24187
pdf/58_PID.SUS_2020_PT_PTK.pdf,58/PID.SUS/2020/PT PTK,PT,28 April 2020,2020,2019,2019,,menguatkan putusan sebelumnya: ikut putusan sebelumnya,LPG/Gas (41),,Tidak,,,,,,,,,53;53d,,PN PONTIANAK,20002
pdf/596_PID.SUS_2020_PT_PBR.pdf,596/PID.SUS/2020/PT PBR,PT,15 Desember 2020,2020,2020,2020,,menguatkan putusan sebelumnya: ikut putusan sebelumnya,Minyak mentah (77); Solar/Biosolar (25),,Ya,,,44757.0,7;14;32,,,,,53;55;54,,PN DUMAI,50437
pdf/5_Pid.Sus_2021_PN_Pti.pdf,5/Pid.Sus/2021/PN Pti,PN,29 April 2021,2021,2020,2020,Bersalah,amar menyatakan terdakwa terbukti bersalah,Solar/Biosolar (188); Premium (2); Minyak tanah (1),Solar/Biosolar,Ya,1050;1200;6000,8250.0,10000.0,2;4;6,,,25;50;100;6300;6500;6800;7000,3000000,53d;53b;55;53,53b,PN PATI,78101
pdf/6136 K_Pid.Sus_2022.pdf,6136 K/Pid.Sus/2022,MA (Kasasi),8 Desember 2022,2022,,,,permohonan kasasi penuntut umum ditolak: ikut putusan sebelumnya,,,NA,,,,,,,,,,,PN BATULICIN,15534
pdf/639_PID.SUS_2023_PT_SMG.pdf,639/PID.SUS/2023/PT SMG,PT,18 Oktober 2023,2023,2023,2023,,menguatkan putusan sebelumnya: ikut putusan sebelumnya,Solar/Biosolar (25),,Ya,,,12000.0,,,,6800;9800,,55,,PN REMBANG,26261
pdf/6572_K_Pid.Sus-LH_2023.pdf,6572 K/Pid.Sus-LH/2023,MA (Kasasi),21 Desember 2023,2023,,,,permohonan kasasi penuntut umum ditolak: ikut putusan sebelumnya,Minyak mentah (3),,Ya,,,210.0,,,,,,,,PN LHOKSUKON,10317
pdf/65_PID_2021_PT_SMR.pdf,65/PID/2021/PT SMR,PT,25 Maret 2021,2021,2020,2020,Bersalah,amar menyatakan terdakwa terbukti bersalah,Pertalite (21); Premium (2),Pertalite,Ya,,,200.0,,,,1000;8000,,53b;53d,,PN KUTAI BARAT,18673
pdf/65_Pid.Sus_2021_PN_Mtp.pdf,65/ Pid.Sus / 2021 / PN Mtp,PN,3 Mei 2021,2021,2020-2021,2020;2021,Bersalah,amar menyatakan terdakwa terbukti bersalah,Solar/Biosolar (188); Premium (3); Minyak tanah (2); Bensin (jenis tidak disebut) (1),Solar/Biosolar,Ya,100;175;210;220;4500,5205.0,5000.0,,,,400;6000;6400,5000000,53d,,PN MARTAPURA,85471
pdf/72_Pid.Sus_2023_PN_Rbg.pdf,72/Pid.Sus/2023/PN Rbg,PN,6 September 2023,2023,2023,2023,Bersalah,amar menyatakan terdakwa terbukti bersalah,Solar/Biosolar (106); Minyak tanah (1),Solar/Biosolar,Ya,50;794.936;1000;1800,3644.936,12000.0,,,,6800;8000;9800,,55,,PN REMBANG,55664
pdf/854 K_Pid.Sus_2020.pdf,854 K/Pid.Sus/2020,MA (Kasasi),11 Juni 2020,2020,,,Bersalah,permohonan kasasi/PK terdakwa ditolak (pemidanaan tetap berlaku),LPG/Gas (12),,Tidak,,,,,,,,,53d,,PN PONTIANAK,8988
pdf/85_K_Pid.Sus_2022.pdf,85 K/Pid.Sus/2022,MA (Kasasi),8 Februari 2022,2022,,,Bersalah,permohonan kasasi/PK terdakwa ditolak (pemidanaan tetap berlaku),Solar/Biosolar (8),,Ya,,,420.0,,,,,3000000,53d,,PN MARTAPURA,12967
pdf/869 K_Pid.Sus_2020.pdf,869 K/Pid.Sus/2020,MA (Kasasi),28 April 2020,2020,,,,permohonan kasasi penuntut umum ditolak: ikut putusan sebelumnya,Premium (5),,Ya,,,,,,,,,53b,,PN SEMARAPURA,10224
