no,nomor_putusan,dasar_bukti_kata_kunci,kata_kunci_ditemukan,token_BBM_literal,kata_kunci_di_pdf,kata_kunci_di_kutipan,kata_kunci_di_pdf_rantai,kata_kunci_di_isian_pengode
1,249/Pid.Sus/2020/PN Spt,kutipan verbatim (bukti_kutipan),"BBM, solar",True,,BBM (1); solar (1),,BBM (2); solar (5)
2,128/Pid.Sus/2020/PN Pti,kutipan verbatim (bukti_kutipan),"BBM, bahan bakar minyak, solar, biosolar",True,,BBM (1); bahan bakar minyak (1); solar (2); biosolar (1),,BBM (1); solar (2); biosolar (2)
3,144/Pid.Sus/2020/PN Pti,kutipan verbatim (bukti_kutipan),"BBM, solar, biosolar",True,,BBM (1); solar (3); biosolar (1),,BBM (1); solar (4); biosolar (2)
4,266/Pid.Sus/2019/PN Pli,teks PDF putusan,"BBM, bahan bakar minyak, solar",True,BBM (54); bahan bakar minyak (7); solar (55),BBM (1); solar (1),,BBM (1); solar (6); biosolar (1)
5,518 K/Pid.Sus.LH/2020,teks PDF putusan,"BBM, pertalite",True,BBM (3); pertalite (3),BBM (1),,BBM (1); pertalite (1)
6,127/Pid.Sus/2020/PN Pti.,kutipan verbatim (bukti_kutipan),"bahan bakar minyak, solar",False,,bahan bakar minyak (1); solar (1),,BBM (1); solar (5); biosolar (2)
7,869 K/Pid.Sus/2020,teks PDF putusan,"BBM, bahan bakar minyak",True,BBM (7); bahan bakar minyak (1),BBM (1); bahan bakar minyak (1),,BBM (1)
8,30 K/Pid.Sus-LH/2020,teks PDF putusan,"BBM, bahan bakar minyak, solar",True,BBM (8); bahan bakar minyak (11); solar (9),BBM (1); bahan bakar minyak (2); solar (2),,solar (5)
9,125/Pid.B/LH/2020/PN Tte,teks PDF putusan,"BBM, bahan bakar minyak, solar, pertalite",True,BBM (74); bahan bakar minyak (71); solar (1); pertalite (45),BBM (1); pertalite (1),,BBM (4); pertalite (3)
10,87/Pid.Sus/2020/PNKbm,kutipan verbatim (bukti_kutipan),bahan bakar minyak,False,,bahan bakar minyak (3),,BBM (2)
11,28/Pid.Sus/2020/PN Mrh,teks PDF putusan,"BBM, bahan bakar minyak, solar, biosolar, minyak tanah",True,BBM (35); bahan bakar minyak (99); solar (55); biosolar (52); minyak tanah (3),bahan bakar minyak (2); solar (1),,BBM (2); solar (1); biosolar (3)
12,27/Pid.Sus/2020/PN Pli,teks PDF putusan,"BBM, bahan bakar minyak, solar, biosolar",True,BBM (21); bahan bakar minyak (26); solar (44); biosolar (12),BBM (2); biosolar (2),,BBM (1); solar (2); biosolar (3)
13,524 K/Pid.Sus/2020,teks PDF putusan,"BBM, bahan bakar minyak",True,BBM (3); bahan bakar minyak (2),BBM (1); bahan bakar minyak (1),,BBM (1)
14,1214 K/Pid.Sus/2020,teks PDF putusan,"BBM, bahan bakar minyak, solar",True,BBM (4); bahan bakar minyak (1); solar (9),BBM (1); solar (3),,BBM (1); solar (4)
15,543 K/Pid.Sus LH/2020,teks PDF putusan,BBM,True,BBM (2),BBM (1),,BBM (2)
16,240/Pid.Sus/2020/PN Pti,kutipan verbatim (bukti_kutipan),"BBM, bahan bakar minyak, solar",True,,BBM (3); bahan bakar minyak (1); solar (1),,BBM (3); solar (5); biosolar (1)
17,25 K/PID.SUS-LH/2020,kutipan verbatim (bukti_kutipan),bahan bakar minyak,False,,bahan bakar minyak (1),,BBM (3)
18,875 K/Pid.Sus/2020,kutipan verbatim (bukti_kutipan),"BBM, bahan bakar minyak, solar",True,,BBM (1); bahan bakar minyak (1); solar (2),,solar (3); biosolar (1)
19,326/Pid.Sus/2020/PN Dum,teks PDF putusan,"BBM, bahan bakar minyak, solar, minyak tanah",True,BBM (18); bahan bakar minyak (83); solar (93); minyak tanah (2),BBM (1); solar (2),BBM (5); bahan bakar minyak (14); solar (32); minyak tanah (1),BBM (3); solar (6)
20,596/PID.SUS/2020/PT PBR,teks PDF putusan,"BBM, bahan bakar minyak, solar",True,BBM (3); bahan bakar minyak (14); solar (25),BBM (1); solar (2),BBM (20); bahan bakar minyak (83); solar (100); minyak tanah (3),BBM (3); solar (4)
21,100 K/PID.SUS/2020,teks PDF putusan,"bahan bakar minyak, solar",False,bahan bakar minyak (11); solar (9),solar (1),,BBM (1); solar (3); biosolar (1)
22,330/PID/2019/PT BNA,teks PDF putusan,"BBM, bahan bakar minyak",True,BBM (6); bahan bakar minyak (4),BBM (1),,BBM (1)
23,2398 K/PID.SUS-LH/2020,kutipan verbatim (bukti_kutipan),BBM,True,,BBM (1),BBM (6); bahan bakar minyak (4),BBM (2)
24,129/PID.SUS/2019/PT JMB,teks PDF putusan,"BBM, bahan bakar minyak, solar, biosolar",True,BBM (17); bahan bakar minyak (27); solar (18); biosolar (18),bahan bakar minyak (2); biosolar (1),,BBM (1); solar (1); biosolar (4)
25,2408 K/PID.SUS/2020,kutipan verbatim (bukti_kutipan),"bahan bakar minyak, biosolar",False,,bahan bakar minyak (2); biosolar (1),BBM (17); bahan bakar minyak (27); solar (18); biosolar (18),solar (1); biosolar (3)
26,126/Pid.Sus/2020/PN Tjg,kutipan verbatim (bukti_kutipan),BBM,True,,BBM (1),BBM (27); bahan bakar minyak (6),BBM (3)
27,130/PID.SUS/2020/PT BJM,teks PDF putusan,"BBM, bahan bakar minyak",True,BBM (22); bahan bakar minyak (5),BBM (2),BBM (5); bahan bakar minyak (1),BBM (3)
28,128/PID.SUS/2019/PT JMB,teks PDF putusan,"BBM, bahan bakar minyak, solar, biosolar",True,BBM (14); bahan bakar minyak (24); solar (14); biosolar (12),bahan bakar minyak (2); biosolar (1),,BBM (1); solar (1); biosolar (3)
29,2402 K/Pid.Sus/2020,kutipan verbatim (bukti_kutipan),"bahan bakar minyak, biosolar",False,,bahan bakar minyak (1); biosolar (1),BBM (14); bahan bakar minyak (24); solar (14); biosolar (12),solar (1); biosolar (2)
30,118/Pid.Sus/2020/PN Mtp,kutipan verbatim (bukti_kutipan),"BBM, solar",True,,BBM (1); solar (2),BBM (20); bahan bakar minyak (14); solar (37),BBM (2); solar (5)
31,139/PID.SUS/2020/PT BJM,teks PDF putusan,"BBM, bahan bakar minyak, solar",True,BBM (12); bahan bakar minyak (9); solar (29),BBM (1); solar (2),BBM (8); bahan bakar minyak (5); solar (8),BBM (2); solar (6)
32,11/Pid.Sus/2020/PN Ktp,teks PDF putusan,"BBM, bahan bakar minyak, solar",True,BBM (16); bahan bakar minyak (17); solar (23),bahan bakar minyak (2); solar (1),BBM (4); bahan bakar minyak (16); solar (16),BBM (2); solar (4)
33,117/PID.SUS/2020/PT PTK,teks PDF putusan,"BBM, bahan bakar minyak, solar",True,BBM (4); bahan bakar minyak (16); solar (16),bahan bakar minyak (1); solar (1),BBM (16); bahan bakar minyak (17); solar (23),BBM (2); solar (3)
34,154/Pid.Sus/2019/PN Bek,teks PDF putusan,"BBM, bahan bakar minyak, solar, minyak tanah",True,BBM (36); bahan bakar minyak (52); solar (88); minyak tanah (2),solar (1),bahan bakar minyak (29); solar (43),BBM (1); solar (4); biosolar (1)
35,11/PID.SUS/2020/PT PTK,teks PDF putusan,"bahan bakar minyak, solar",False,bahan bakar minyak (29); solar (43),solar (1),BBM (36); bahan bakar minyak (52); solar (88); minyak tanah (2),BBM (1); solar (3); biosolar (1)
36,2494 K/Pid.Sus/2020,teks PDF putusan lain dalam rantai,"BBM, bahan bakar minyak, solar, minyak tanah",True,,,BBM (36); bahan bakar minyak (81); solar (131); minyak tanah (2),BBM (1); solar (3); biosolar (1)
37,12/Pid.Sus/2020/PN Ktp,teks PDF putusan,"BBM, bahan bakar minyak, solar",True,BBM (16); bahan bakar minyak (17); solar (23),bahan bakar minyak (1); solar (1),BBM (1); bahan bakar minyak (13); solar (14),BBM (2); solar (4)
38,118/PID.SUS/2020/PT PTK,teks PDF putusan,"BBM, bahan bakar minyak, solar",True,BBM (1); bahan bakar minyak (13); solar (14),bahan bakar minyak (1); solar (1),BBM (16); bahan bakar minyak (17); solar (23),BBM (1); solar (4)
39,119/Pid.Sus/2019/PN Kbr,kutipan verbatim (bukti_kutipan),bahan bakar minyak,False,,bahan bakar minyak (1),BBM (55); bahan bakar minyak (47); solar (30); biosolar (39),BBM (2); solar (1); biosolar (4)
40,139/PID.SUS/2020/PT PDG,teks PDF putusan,"BBM, bahan bakar minyak, solar, biosolar",True,BBM (55); bahan bakar minyak (47); solar (30); biosolar (39),,,BBM (2); solar (1); biosolar (3)
41,139/Pid.Sus/2020/PN Pyh,kutipan verbatim (bukti_kutipan),bahan bakar minyak,False,,bahan bakar minyak (2),BBM (1); bahan bakar minyak (37),BBM (1)
42,220/PID.SUS/2020/PT PDG,teks PDF putusan,"BBM, bahan bakar minyak",True,BBM (1); bahan bakar minyak (37),bahan bakar minyak (2),,BBM (1)
43,120/Pid.Sus/2019/PN Kbr,kutipan verbatim (bukti_kutipan),biosolar,False,,biosolar (1),BBM (82); bahan bakar minyak (60); solar (67); biosolar (43),BBM (2); solar (1); biosolar (4)
44,140/PID.SUS/2020/PT PDG,teks PDF putusan,"BBM, bahan bakar minyak, solar, biosolar",True,BBM (80); bahan bakar minyak (57); solar (67); biosolar (40),bahan bakar minyak (1); solar (1),BBM (2); bahan bakar minyak (3); biosolar (3),BBM (2); solar (2); biosolar (3)
45,34/Pid.Sus/2021/PN Ngb,teks PDF putusan,"BBM, bahan bakar minyak, minyak tanah",True,BBM (39); bahan bakar minyak (62); minyak tanah (92),bahan bakar minyak (1); minyak tanah (1),BBM (9); bahan bakar minyak (12); minyak tanah (17),BBM (2); minyak tanah (4)
46,34/Pid.Sus/2021/PN Ngb,kutipan verbatim (bukti_kutipan),"bahan bakar minyak, minyak tanah",False,,bahan bakar minyak (1); minyak tanah (1),BBM (48); bahan bakar minyak (74); minyak tanah (109),BBM (2); minyak tanah (3)
47,157/Pid.Sus/2021/PN Pti,kutipan verbatim (bukti_kutipan),"BBM, bahan bakar minyak, solar, biosolar",True,,BBM (1); bahan bakar minyak (2); solar (1); biosolar (1),,BBM (3); solar (3)
48,158/Pid.Sus/2021/PN Pti,kutipan verbatim (bukti_kutipan),"BBM, bahan bakar minyak, solar",True,,BBM (1); bahan bakar minyak (2); solar (1),,BBM (3); solar (3); biosolar (2)
49,2536 K/Pid.Sus/2021,teks PDF putusan,"BBM, solar, minyak tanah",True,BBM (2); solar (7); minyak tanah (1),BBM (1); solar (2),BBM (21); bahan bakar minyak (97); solar (118); minyak tanah (2),BBM (2); solar (4); minyak tanah (1)
50,18/Pid.B/LH/2021/PN Krs,kutipan verbatim (bukti_kutipan),"BBM, bahan bakar minyak",True,,BBM (2); bahan bakar minyak (1),BBM (46); bahan bakar minyak (17),BBM (3)
51,251/PID.SUS-LH/2021/PT SBY,teks PDF putusan,"BBM, bahan bakar minyak",True,BBM (46); bahan bakar minyak (17),BBM (2); bahan bakar minyak (1),,BBM (3)
52,3877 K/Pid.Sus-LH/2021,kutipan verbatim (bukti_kutipan),BBM,True,,BBM (1),BBM (46); bahan bakar minyak (17),BBM (1)
53,19/Pid.B/LH/2021/PN Tkn,kutipan verbatim (bukti_kutipan),bahan bakar minyak,False,,bahan bakar minyak (1),BBM (16); bahan bakar minyak (15); pertalite (1),BBM (1)
54,121/PID/LH/2021/PT BNA,teks PDF putusan,"BBM, bahan bakar minyak, pertalite",True,BBM (16); bahan bakar minyak (12); pertalite (1),BBM (1),bahan bakar minyak (3),BBM (2)
55,1493 K/PID.SUS/2021,teks PDF putusan lain dalam rantai,"BBM, bahan bakar minyak, solar, biosolar",True,,,BBM (55); bahan bakar minyak (47); solar (30); biosolar (39),BBM (2); solar (1); biosolar (3)
56,4116 K/Pid.Sus/2021,teks PDF putusan lain dalam rantai,"BBM, bahan bakar minyak",True,,,BBM (1); bahan bakar minyak (37),BBM (1)
57,65/Pid.Sus/2021/PN Mtp,teks PDF putusan,"BBM, bahan bakar minyak, solar, minyak tanah",True,BBM (159); bahan bakar minyak (41); solar (188); minyak tanah (1),BBM (3); solar (3),BBM (17); bahan bakar minyak (18); solar (37),BBM (2); solar (5)
58,105/PID.SUS/2021/PT BJM,teks PDF putusan,"BBM, bahan bakar minyak, solar",True,BBM (17); bahan bakar minyak (18); solar (37),solar (1),BBM (159); bahan bakar minyak (41); solar (188); minyak tanah (1),BBM (1); solar (4)
59,220/Pid.Sus/2020/PN Smp,teks PDF putusan,"BBM, bahan bakar minyak, solar",True,BBM (150); bahan bakar minyak (21); solar (132),BBM (4); solar (5),BBM (47); bahan bakar minyak (1); solar (28),BBM (1); solar (5)
60,220/Pid.Sus/2020/PN Smp,kutipan verbatim (bukti_kutipan),"BBM, solar",True,,BBM (3); solar (3),BBM (197); bahan bakar minyak (22); solar (160),BBM (1); solar (4)
61,5/Pid.Sus/2021/PN Pti,teks PDF putusan,"BBM, bahan bakar minyak, solar, minyak tanah",True,BBM (90); bahan bakar minyak (22); solar (188); minyak tanah (1),bahan bakar minyak (1); solar (1),,BBM (1); solar (5)
62,231/Pid.Sus/2020/PN Mtp,teks PDF putusan,"BBM, bahan bakar minyak",True,BBM (205); bahan bakar minyak (6),BBM (2),,BBM (3)
63,3871 K/Pid.Sus/2021,kutipan verbatim (bukti_kutipan),BBM,True,,BBM (1),BBM (205); bahan bakar minyak (6),BBM (2)
64,195/Pid.Sus/2020/PN Sdw,teks PDF putusan,"BBM, bahan bakar minyak, solar, minyak tanah, pertalite",True,BBM (203); bahan bakar minyak (66); solar (9); minyak tanah (2); pertalite (85),BBM (1); bahan bakar minyak (1); pertalite (1),BBM (21); bahan bakar minyak (19); pertalite (26),BBM (2); pertalite (5)
65,65/PID/2021/PT SMR,teks PDF putusan,"BBM, bahan bakar minyak, pertalite",True,BBM (20); bahan bakar minyak (8); pertalite (21),BBM (1); pertalite (1),BBM (204); bahan bakar minyak (77); solar (9); minyak tanah (2); pertalite (90),BBM (2); pertalite (4)
66,4922 K/Pid.Sus/2022,teks PDF putusan,"BBM, bahan bakar minyak, minyak tanah",True,BBM (5); bahan bakar minyak (9); minyak tanah (12),minyak tanah (2),BBM (43); bahan bakar minyak (65); minyak tanah (97),BBM (2); minyak tanah (2)
67,25 K/Pid.Sus/2022,teks PDF putusan,"BBM, bahan bakar minyak",True,BBM (5); bahan bakar minyak (1),BBM (2),BBM (22); bahan bakar minyak (5),BBM (3)
68,85 K/Pid.Sus/2022,teks PDF putusan,"BBM, bahan bakar minyak, solar",True,BBM (8); bahan bakar minyak (5); solar (8),BBM (1); solar (2),BBM (12); bahan bakar minyak (9); solar (29),BBM (2); solar (4)
69,77 K/Pid.Sus/2022,kutipan verbatim (bukti_kutipan),"bahan bakar minyak, solar",False,,bahan bakar minyak (1); solar (1),BBM (20); bahan bakar minyak (33); solar (39),BBM (2); solar (2)
70,249 K/Pid.Sus-LH/2022,teks PDF putusan,bahan bakar minyak,False,bahan bakar minyak (3),bahan bakar minyak (1),BBM (16); bahan bakar minyak (12); pertalite (1),BBM (1)
71,337 K/Pid.Sus/2022,kutipan verbatim (bukti_kutipan),solar,False,,solar (1),BBM (17); bahan bakar minyak (30); solar (37),BBM (1); solar (3)
72,3393 K/PID.SUS/2022,teks PDF putusan lain dalam rantai,"BBM, bahan bakar minyak, solar, minyak tanah",True,,,BBM (176); bahan bakar minyak (59); solar (225); minyak tanah (1),BBM (1); solar (4)
73,439 K/Pid.Sus/2022,teks PDF putusan,"BBM, bahan bakar minyak, solar",True,BBM (47); bahan bakar minyak (1); solar (28),BBM (3); solar (3),BBM (150); bahan bakar minyak (21); solar (132),BBM (2); solar (4)
74,3678 K/Pid.Sus/2022,kutipan verbatim (bukti_kutipan),"bahan bakar minyak, solar",False,,bahan bakar minyak (1); solar (1),BBM (90); bahan bakar minyak (22); solar (188); minyak tanah (1),BBM (1); solar (2)
75,141/Pid.Sus/2022/PN Gdt,kutipan verbatim (bukti_kutipan),"BBM, bahan bakar minyak, solar",True,,BBM (1); bahan bakar minyak (1); solar (1),,BBM (3); solar (4); biosolar (1)
76,205/Pid.Sus/2021/PN Gdt,kutipan verbatim (bukti_kutipan),"bahan bakar minyak, solar",False,,bahan bakar minyak (2); solar (1),,BBM (2); solar (2); biosolar (1); pertalite (2)
77,4533 K/PID.SUS/2022,kutipan verbatim (bukti_kutipan),bahan bakar minyak,False,,bahan bakar minyak (1),,solar (2); biosolar (1); pertalite (2)
78,3923 K/Pid.Sus/2022,teks PDF putusan,"BBM, bahan bakar minyak, pertalite",True,BBM (1); bahan bakar minyak (11); pertalite (5),BBM (1); bahan bakar minyak (1); pertalite (2),BBM (223); bahan bakar minyak (74); solar (9); minyak tanah (2); pertalite (106),BBM (2); pertalite (4)
79,104 K/Pid.Sus/2022,teks PDF putusan,"BBM, bahan bakar minyak, biosolar",True,BBM (2); bahan bakar minyak (3); biosolar (3),BBM (1); bahan bakar minyak (1); biosolar (1),BBM (80); bahan bakar minyak (57); solar (67); biosolar (40),BBM (2); solar (1); biosolar (4)
80,580 PK/Pid.Sus/2023,teks PDF putusan,"BBM, bahan bakar minyak, minyak tanah",True,BBM (4); bahan bakar minyak (3); minyak tanah (5),minyak tanah (2),BBM (44); bahan bakar minyak (71); minyak tanah (104),BBM (2); minyak tanah (2)
81,251/PID.SUS/2022/PT TJK,kutipan verbatim (bukti_kutipan),"BBM, solar",True,,BBM (1); solar (1),,BBM (1); solar (3); biosolar (1)
82,1258 K/Pid.Sus/2023,kutipan verbatim (bukti_kutipan),"BBM, solar",True,,BBM (1); solar (1),,BBM (1); solar (3); biosolar (1)
83,182/Pid.B/LH/2023/PN.Jkt.Tim,kutipan verbatim (bukti_kutipan),"bahan bakar minyak, solar",False,,bahan bakar minyak (1); solar (1),,solar (3)
84,14/Pid.B/LH/2023/PN Bla,kutipan verbatim (bukti_kutipan),"BBM, bahan bakar minyak, solar",True,,BBM (2); bahan bakar minyak (1); solar (2),BBM (119); bahan bakar minyak (40); solar (119); minyak tanah (4),BBM (3); solar (5); biosolar (1)
85,262/PID.SUS/2023/PT SMG,teks PDF putusan,"BBM, bahan bakar minyak, solar, minyak tanah",True,BBM (119); bahan bakar minyak (40); solar (119); minyak tanah (4),BBM (1); solar (2),,BBM (2); solar (4); biosolar (1)
86,4236 K/Pid.Sus-LH/2023,kutipan verbatim (bukti_kutipan),"BBM, bahan bakar minyak, solar",True,,BBM (1); bahan bakar minyak (1); solar (1),BBM (119); bahan bakar minyak (40); solar (119); minyak tanah (4),BBM (2); solar (3); biosolar (1)
87,512/Pid.Sus/LH/2022/PN Jmb,kutipan verbatim (bukti_kutipan),"bahan bakar minyak, solar",False,,bahan bakar minyak (1); solar (1),BBM (27); bahan bakar minyak (2); solar (28),BBM (2); solar (2)
88,12/PID.SUS-LH/2023/PT JMB,teks PDF putusan,"BBM, bahan bakar minyak, solar",True,BBM (27); bahan bakar minyak (2); solar (28),bahan bakar minyak (2); solar (1),,BBM (2); solar (3)
89,3595 K/Pid.Sus-LH/2023,kutipan verbatim (bukti_kutipan),"bahan bakar minyak, solar",False,,bahan bakar minyak (1); solar (1),BBM (27); bahan bakar minyak (2); solar (28),BBM (1); solar (2)
90,284/PID.B/LH/2023/PT MDN,kutipan verbatim (bukti_kutipan),"bahan bakar minyak, solar",False,,bahan bakar minyak (2); solar (2),BBM (6); bahan bakar minyak (13); solar (11),BBM (2); solar (4); biosolar (1)
91,3987 K/Pid.Sus/2023,teks PDF putusan,"BBM, bahan bakar minyak, solar",True,BBM (6); bahan bakar minyak (13); solar (11),BBM (1); bahan bakar minyak (1); solar (2),,BBM (1); solar (3); biosolar (1)
92,334/Pid.Sus/2022/PN Sbg,kutipan verbatim (bukti_kutipan),"bahan bakar minyak, solar",False,,bahan bakar minyak (1); solar (2),BBM (1); bahan bakar minyak (4); solar (9),BBM (1); solar (5)
93,411/PID.SUS/2023/PT MDN,kutipan verbatim (bukti_kutipan),solar,False,,solar (1),BBM (1); bahan bakar minyak (4); solar (9),BBM (1); solar (5)
94,5569 K/Pid.Sus/2023,teks PDF putusan,"BBM, bahan bakar minyak, solar",True,BBM (1); bahan bakar minyak (4); solar (9),bahan bakar minyak (1); solar (2),,BBM (1); solar (5)
95,5592 K/Pid.Sus/2023,teks PDF putusan,"BBM, bahan bakar minyak, solar",True,BBM (9); bahan bakar minyak (12); solar (12),BBM (1); bahan bakar minyak (2); solar (1),,BBM (1); solar (3); biosolar (1)
96,5786 K/Pid.Sus/2023,teks PDF putusan,"BBM, bahan bakar minyak, solar, biosolar",True,BBM (15); bahan bakar minyak (25); solar (3); biosolar (14),bahan bakar minyak (1); biosolar (2),,BBM (2); solar (1); biosolar (3)
97,2530 K/Pid.Sus/2023,teks PDF putusan,"BBM, bahan bakar minyak, solar, biosolar",True,BBM (8); bahan bakar minyak (4); solar (7); biosolar (1),BBM (1); solar (1),,BBM (1); solar (3); biosolar (2)
98,410/Pid.B/LH/2022/PN Pkb,kutipan verbatim (bukti_kutipan),"BBM, solar",True,,BBM (1); solar (1),BBM (108); bahan bakar minyak (50); solar (131),BBM (1); solar (3); biosolar (1)
99,57/PID.LH/2023/PT PLG,teks PDF putusan,"BBM, bahan bakar minyak, solar",True,BBM (87); bahan bakar minyak (34); solar (111),,BBM (21); bahan bakar minyak (16); solar (20),BBM (1); solar (3); biosolar (1)
100,3773 K/Pid.Sus.LH/2023,teks PDF putusan,"BBM, bahan bakar minyak, solar",True,BBM (21); bahan bakar minyak (16); solar (20),BBM (1); bahan bakar minyak (1); solar (1),BBM (87); bahan bakar minyak (34); solar (111),BBM (1); solar (3); biosolar (1)
101,117/Pid.Sus/2023/PN Unr,teks PDF putusan,"BBM, bahan bakar minyak, solar, biosolar, minyak tanah",True,BBM (262); bahan bakar minyak (81); solar (141); biosolar (166); minyak tanah (2),BBM (2); biosolar (1),BBM (21); bahan bakar minyak (5); solar (4); biosolar (19),BBM (1); solar (2); biosolar (3)
102,659/PID.SUS/2023/PT SMG,kutipan verbatim (bukti_kutipan),BBM,True,,BBM (1),BBM (283); bahan bakar minyak (86); solar (145); biosolar (185); minyak tanah (2),solar (1); biosolar (3)
103,35/Pid.B/LH/2023/PN Tbn,kutipan verbatim (bukti_kutipan),"bahan bakar minyak, solar",False,,bahan bakar minyak (1); solar (1),BBM (25); bahan bakar minyak (8); solar (38),BBM (2); solar (4); biosolar (1)
104,588/PID.SUS-LH/2023/PT SBY,teks PDF putusan,"BBM, bahan bakar minyak, solar",True,BBM (23); bahan bakar minyak (4); solar (29),solar (1),BBM (2); bahan bakar minyak (4); solar (9),BBM (1); solar (4); biosolar (1)
105,4506 K/Pid.Sus-LH/2023,teks PDF putusan,"BBM, bahan bakar minyak, solar",True,BBM (2); bahan bakar minyak (4); solar (9),solar (2),BBM (23); bahan bakar minyak (4); solar (29),BBM (1); solar (5); biosolar (1)
106,333/Pid.Sus/2022/PN Sbg,kutipan verbatim (bukti_kutipan),"bahan bakar minyak, solar",False,,bahan bakar minyak (1); solar (2),BBM (8); bahan bakar minyak (10); solar (12),BBM (1); solar (5); biosolar (1)
107,4814 K/Pid.Sus/2023,teks PDF putusan,"BBM, bahan bakar minyak, solar",True,BBM (8); bahan bakar minyak (10); solar (12),BBM (2); bahan bakar minyak (1); solar (2),,BBM (3); solar (4); biosolar (1)
108,336/Pid.Sus/2022/PN Sbg,kutipan verbatim (bukti_kutipan),"bahan bakar minyak, solar",False,,bahan bakar minyak (1); solar (1),BBM (21); bahan bakar minyak (13); solar (24),BBM (1); solar (5); biosolar (1)
109,3221 K/Pid.Sus/2023,teks PDF putusan,"BBM, bahan bakar minyak, solar",True,BBM (21); bahan bakar minyak (13); solar (24),bahan bakar minyak (1); solar (1),,BBM (2); solar (4); biosolar (1)
110,72/Pid.Sus/2023/PN Rbg,teks PDF putusan,"BBM, bahan bakar minyak, solar, biosolar, minyak tanah",True,BBM (181); bahan bakar minyak (18); solar (79); biosolar (27); minyak tanah (1),BBM (3); bahan bakar minyak (1); solar (1); biosolar (1),BBM (51); bahan bakar minyak (6); solar (30); biosolar (13),BBM (1); solar (5); biosolar (3)
111,639/PID.SUS/2023/PT SMG,teks PDF putusan,"BBM, bahan bakar minyak, solar, biosolar",True,BBM (33); bahan bakar minyak (4); solar (15); biosolar (10),BBM (2); biosolar (1),BBM (199); bahan bakar minyak (20); solar (94); biosolar (30); minyak tanah (1),solar (4); biosolar (3)
112,123/Pid.Sus/2022/PN Lbo,teks PDF putusan,"BBM, bahan bakar minyak, solar, biosolar",True,BBM (15); bahan bakar minyak (3); solar (11); biosolar (5),BBM (2); bahan bakar minyak (1); solar (2); biosolar (1),BBM (41); bahan bakar minyak (9); solar (32); biosolar (5),BBM (2); solar (3); biosolar (1)
113,21/PID.SUS/2023/PT GTO,teks PDF putusan,"BBM, bahan bakar minyak, solar, biosolar",True,BBM (30); bahan bakar minyak (7); solar (23); biosolar (5),BBM (3); solar (2),BBM (26); bahan bakar minyak (5); solar (20); biosolar (5),BBM (2); solar (3); biosolar (2)
114,4520 K/Pid.Sus/2023,teks PDF putusan lain dalam rantai,"BBM, bahan bakar minyak, solar, biosolar",True,,,BBM (56); bahan bakar minyak (12); solar (43); biosolar (10),BBM (1); solar (2); biosolar (1)
115,87/Pid.Sus/2024/PN Cjr,kutipan verbatim (bukti_kutipan),"BBM, bahan bakar minyak, pertalite",True,,BBM (2); bahan bakar minyak (1); pertalite (2),,BBM (2); pertalite (3)
116,163/Pid.Sus/2024/PN Cjr,kutipan verbatim (bukti_kutipan),"BBM, bahan bakar minyak, pertalite",True,,BBM (1); bahan bakar minyak (2); pertalite (2),,BBM (1); pertalite (4)
117,56 K/Pid.Sus/2024,teks PDF putusan,"BBM, bahan bakar minyak, solar, biosolar",True,BBM (21); bahan bakar minyak (5); solar (4); biosolar (19),BBM (2); bahan bakar minyak (1); biosolar (1),BBM (262); bahan bakar minyak (81); solar (141); biosolar (166); minyak tanah (2),BBM (1); solar (2); biosolar (4)
118,1304 K/Pid.Sus/2024,teks PDF putusan,"BBM, bahan bakar minyak, solar, biosolar",True,BBM (18); bahan bakar minyak (2); solar (15); biosolar (3),BBM (3); solar (1); biosolar (1),BBM (214); bahan bakar minyak (22); solar (94); biosolar (37); minyak tanah (1),BBM (1); solar (5); biosolar (2)
119,1272 PK/Pid.Sus/2024,teks PDF putusan,"BBM, bahan bakar minyak, solar",True,BBM (11); bahan bakar minyak (2); solar (9),BBM (3); solar (3),BBM (45); bahan bakar minyak (10); solar (34); biosolar (10),BBM (2); solar (2); biosolar (1)
120,43-K/PM.II-11/AD/IX/2025,teks PDF putusan,"BBM, bahan bakar minyak, solar, pertalite",True,BBM (414); bahan bakar minyak (24); solar (1); pertalite (294),BBM (1); pertalite (1),,BBM (2); pertalite (4)
121,1/Pid.S/2026/PN Bgl,tabulasi tim (bukan teks putusan),"BBM, pertalite",True,,,,BBM (1); pertalite (7)
122,2/Pid.S/2026/PN Bgl,tabulasi tim (bukan teks putusan),pertalite,False,,,,pertalite (3)
123,101/Pid.Sus/2026/PN Plk,tabulasi tim (bukan teks putusan),"BBM, pertalite",True,,,,BBM (1); pertalite (2)
124,113/Pid.Sus-LH/2026/PN Amb,tabulasi tim (bukan teks putusan),"solar, biosolar, minyak tanah, pertalite",False,,,,solar (6); biosolar (1); minyak tanah (6); pertalite (3)
125,130/Pid.Sus/2026/PN Smp,tabulasi tim (bukan teks putusan),"BBM, solar, biosolar, pertalite",True,,,,BBM (2); solar (6); biosolar (1); pertalite (7)
126,137/Pid.Sus/2026/PN Mrb,tabulasi tim (bukan teks putusan),"BBM, solar, biosolar",True,,,,BBM (1); solar (3); biosolar (1)
127,15/Pid.Sus/2026/PN Rtg,tabulasi tim (bukan teks putusan),"BBM, solar, biosolar",True,,,,BBM (1); solar (3); biosolar (1)
128,22/Pid.Sus/2026/PN Wns,tabulasi tim (bukan teks putusan),"BBM, pertalite",True,,,,BBM (1); pertalite (3)
129,29/Pid.Sus/2026/PN Ffk,tabulasi tim (bukan teks putusan),"BBM, pertalite",True,,,,BBM (1); pertalite (3)
130,53/Pid.Sus/2026/PN Ktb,tabulasi tim (bukan teks putusan),"BBM, solar, biosolar",True,,,,BBM (1); solar (1); biosolar (4)
131,182/Pid.Sus/2026/PN Tpg,tabulasi tim (bukan teks putusan),"BBM, solar, biosolar",True,,,,BBM (1); solar (3); biosolar (1)
132,55/Pid.Sus/2026/PN Pwr,tabulasi tim (bukan teks putusan),"BBM, pertalite",True,,,,BBM (1); pertalite (4)
133,93/Pid.Sus/2026/PN Sit,tabulasi tim (bukan teks putusan),"BBM, pertalite",True,,,,BBM (1); pertalite (2)
134,271/Pid.Sus/2026/PN Byw,tabulasi tim (bukan teks putusan),"BBM, solar, biosolar",True,,,,BBM (1); solar (2); biosolar (1)
135,549/Pid.Sus-LH/2026/PN Btm,tabulasi tim (bukan teks putusan),"BBM, pertalite",True,,,,BBM (2); pertalite (2)
136,209/Pid.Sus/2026/PN Mpw,tabulasi tim (bukan teks putusan),"BBM, solar, biosolar",True,,,,BBM (1); solar (3); biosolar (1)
137,245/Pid.Sus/2026/PN Trg,tabulasi tim (bukan teks putusan),"BBM, solar, biosolar",True,,,,BBM (1); solar (1); biosolar (6)
138,251/Pid.Sus-LH/2026/PN Plw,tabulasi tim (bukan teks putusan),"BBM, pertalite",True,,,,BBM (1); pertalite (1)
139,256/Pid.Sus-LH/2025/PN Pmn,tabulasi tim (bukan teks putusan),"BBM, pertalite",True,,,,BBM (1); pertalite (4)
140,288/Pid.Sus-LH/2026/PN Ktp,tabulasi tim (bukan teks putusan),"BBM, pertalite",True,,,,BBM (1); pertalite (4)
141,373/Pid.Sus-LH/2026/PN Llg,tabulasi tim (bukan teks putusan),"BBM, pertalite",True,,,,BBM (2); pertalite (8)
142,383/Pid.Sus/2026/PN Dps,tabulasi tim (bukan teks putusan),"BBM, pertalite",True,,,,BBM (1); pertalite (4)
143,402/Pid.Sus/2026/PN Bjm,tabulasi tim (bukan teks putusan),"BBM, solar, biosolar",True,,,,BBM (2); solar (1); biosolar (4)
144,481/Pid.Sus-LH/2026/PN Btm,tabulasi tim (bukan teks putusan),"BBM, pertalite",True,,,,BBM (2); pertalite (2)
145,501/Pid.Sus/2025/PN Kpn,tabulasi tim (bukan teks putusan),"BBM, solar, biosolar",True,,,,BBM (1); solar (1); biosolar (2)
146,523/Pid.Sus/2026/PN Bjm,tabulasi tim (bukan teks putusan),"BBM, pertalite",True,,,,BBM (1); pertalite (4)
147,654/Pid.Sus/2026/PN Plg,tabulasi tim (bukan teks putusan),"solar, biosolar",False,,,,solar (2); biosolar (1)
148,737/Pid.Sus/2025/PN Bpp,tabulasi tim (bukan teks putusan),"BBM, pertalite",True,,,,BBM (1); pertalite (2)
149,880/Pid.Sus/2026/PN Mdn,tabulasi tim (bukan teks putusan),"solar, biosolar, pertalite",False,,,,solar (1); biosolar (3); pertalite (3)
150,1002/Pid.Sus-LH/2026/PN Sby,tabulasi tim (bukan teks putusan),"BBM, solar, biosolar",True,,,,BBM (1); solar (2); biosolar (3)
151,1074/Pid.Sus-LH/2026/PN Sby,tabulasi tim (bukan teks putusan),"BBM, solar, biosolar",True,,,,BBM (1); solar (2); biosolar (1)
152,114/Pid.Sus/2026/PN Bgl,tabulasi tim (bukan teks putusan),"BBM, solar, biosolar",True,,,,BBM (2); solar (1); biosolar (2)
153,114/Pid.Sus-LH/2026/PN Amb,tabulasi tim (bukan teks putusan),"solar, minyak tanah, pertalite",False,,,,solar (2); minyak tanah (3); pertalite (1)
154,115/Pid.Sus-LH/2025/PN Wno,tabulasi tim (bukan teks putusan),"BBM, pertalite",True,,,,BBM (2); pertalite (2)
155,115/Pid.Sus-LH/2026/PN Amb,tabulasi tim (bukan teks putusan),"BBM, solar, minyak tanah, pertalite",True,,,,BBM (1); solar (10); minyak tanah (7); pertalite (5)
156,117/Pid.Sus/2026/PN Bgl,tabulasi tim (bukan teks putusan),"BBM, pertalite",True,,,,BBM (2); pertalite (1)
157,156/Pid.Sus/2025/PN Plp,tabulasi tim (bukan teks putusan),"solar, biosolar",False,,,,solar (2); biosolar (1)
158,156/Pid.Sus/2026/PN Tlg,tabulasi tim (bukan teks putusan),"BBM, pertalite",True,,,,BBM (2); pertalite (2)
159,157/Pid.Sus/2026/PN Byw,tabulasi tim (bukan teks putusan),pertalite,False,,,,pertalite (2)
160,172/Pid.Sus/2026/PN Sag,tabulasi tim (bukan teks putusan),"BBM, solar, biosolar",True,,,,BBM (1); solar (3); biosolar (1)
161,177/Pid.Sus-LH/2026/PN Pkb,tabulasi tim (bukan teks putusan),"BBM, solar, biosolar",True,,,,BBM (2); solar (3); biosolar (1)
162,179/Pid.Sus/2026/PN Sgt,tabulasi tim (bukan teks putusan),"BBM, solar, biosolar",True,,,,BBM (2); solar (3); biosolar (2)
163,183/Pid.Sus/2026/PN Pbu,tabulasi tim (bukan teks putusan),"BBM, pertalite",True,,,,BBM (2); pertalite (1)
164,184/Pid.Sus/2026/PN Pbu,tabulasi tim (bukan teks putusan),"BBM, pertalite",True,,,,BBM (2); pertalite (1)
165,186/Pid.Sus/2026/PN Pbu,tabulasi tim (bukan teks putusan),pertalite,False,,,,pertalite (3)
166,203/Pid.Sus/2026/PN Gpr,tabulasi tim (bukan teks putusan),"BBM, pertalite",True,,,,BBM (2); pertalite (2)
