rantai_perkara,jumlah_putusan,tingkat_tercakup,nomor_putusan_pertama,pengadilan_pertama,provinsi,sumber_provinsi,tahun_kejadian,tahun_putusan_awal,tahun_putusan_akhir,nomor_putusan_terakhir,tingkat_terakhir,tanggal_putusan_terakhir,hasil_tingkat_pertama,hasil_akhir,hasil_berubah_antartingkat,barang_bbm,status_subsidi,volume,satuan_volume,volume_dari,nilai_uang_rp,dasar_nilai_uang,pasal_uu_migas,sumber_daftar,ada_pdf,nomor_putusan_semua,bbm_solar,bbm_pertalite,bbm_premium,bbm_pertamax,bbm_dexlite,bbm_minyak_tanah,bbm_minyak_mentah_olahan,bbm_tidak_disebut,volume_liter,kelompok_kejadian,jumlah_rantai_sekelompok,dasar_kelompok,volume_liter_kelompok
C001,1,PN,249/Pid.Sus/2020/PN Spt,PN SAMPIT,Kalimantan Tengah,pengadilan dalam rantai,,2020,2020,249/Pid.Sus/2020/PN Spt,Pertama,7 September 2020,Bersalah,Bersalah,0,Solar (status subsidi tidak disebut),tidak disebut,5353.0,liter,249/Pid.Sus/2020/PN Spt,19930365.0,nilai BBM (disebut dalam putusan): hasil lelang barang bukti solar 33 drum (5.353 liter) Rp19.930.365 dirampas untuk negara,53c,klasifikasi Migas,0,249/Pid.Sus/2020/PN Spt,1,0,0,0,0,0,0,0,5353.0,C001,1,,5353.0
C003,1,PN,128/Pid.Sus/2020/PN Pti,PN PATI,Jawa Tengah,pengadilan dalam rantai,2020,2020,2020,128/Pid.Sus/2020/PN Pti,Pertama,3 Agustus 2020,Bersalah,Bersalah,0,Solar/Biosolar (subsidi),subsidi,28987.0,liter,128/Pid.Sus/2020/PN Pti,,,55,klasifikasi Migas,0,128/Pid.Sus/2020/PN Pti,1,0,0,0,0,0,0,0,28987.0,K01,3,"menyebut KAPAL MANIS SEJAHTERA, PERUSAHAAN BAYU PATRA ENERGY; menyebut PERUSAHAAN BAYU PATRA ENERGY",28987.0
C004,1,PN,144/Pid.Sus/2020/PN Pti,PN PATI,Jawa Tengah,pengadilan dalam rantai,2020,2020,2020,144/Pid.Sus/2020/PN Pti,Pertama,10 Agustus 2020,Bersalah,Bersalah,0,Solar/Biosolar (subsidi),subsidi,17029.0,liter,144/Pid.Sus/2020/PN Pti,,,55,klasifikasi Migas,0,144/Pid.Sus/2020/PN Pti,1,0,0,0,0,0,0,0,17029.0,K01,3,"menyebut KAPAL MANIS SEJAHTERA, PERUSAHAAN BAYU PATRA ENERGY; menyebut PERUSAHAAN BAYU PATRA ENERGY",
C005,1,PN,266/Pid.Sus/2019/PN Pli,PN PELAIHARI,Kalimantan Selatan,pengadilan dalam rantai,2019,2020,2020,266/Pid.Sus/2019/PN Pli,Pertama,5 Februari 2020,Bersalah,Bersalah,0,Solar/Biosolar (subsidi),subsidi,92.0,liter,266/Pid.Sus/2019/PN Pli,570000.0,nilai BBM (disebut dalam putusan): harga beli 40 liter solar jeriken Rp300.000 + harga beli 52 liter di SPBU Rp270.000 = Rp570.000,53c,klasifikasi Migas,1,266/Pid.Sus/2019/PN Pli,1,0,0,0,0,0,0,0,92.0,C005,1,,92.0
C006,1,MA,,,Sulawesi Tengah,pengadilan asal disebut di teks PDF,,2020,2020,518 K/Pid.Sus.LH/2020,Kasasi,22 April 2020,,Bersalah,0,Premium,penugasan (JBKP),66.0,liter,518 K/Pid.Sus.LH/2020,,,53d,klasifikasi Migas,1,518 K/Pid.Sus.LH/2020,0,0,1,0,0,0,0,0,66.0,C006,1,,66.0
C007,1,PN,127/Pid.Sus/2020/PN Pti.,PN PATI,Jawa Tengah,pengadilan dalam rantai,2020,2020,2020,127/Pid.Sus/2020/PN Pti.,Pertama,10 Agustus 2020,Bersalah,Bersalah,0,Solar/Biosolar (subsidi),subsidi,13042.0,liter,127/Pid.Sus/2020/PN Pti.,,,55,klasifikasi Migas,0,127/Pid.Sus/2020/PN Pti.,1,0,0,0,0,0,0,0,13042.0,K01,3,menyebut PERUSAHAAN BAYU PATRA ENERGY,
C008,1,MA,,,Bali,pengadilan asal disebut di teks PDF,2018,2020,2020,869 K/Pid.Sus/2020,Kasasi,28 April 2020,,Bersalah,0,Premium,penugasan (JBKP),,,,,,53b,klasifikasi Migas,1,869 K/Pid.Sus/2020,0,0,1,0,0,0,0,0,,C008,1,,
C009,1,MA,,,Papua,pengadilan asal disebut di teks PDF,2018,2020,2020,30 K/Pid.Sus-LH/2020,Kasasi,13 Februari 2020,,Bersalah,0,Solar (status subsidi tidak disebut),tidak disebut,33705.0,liter,30 K/Pid.Sus-LH/2020,,,53d;55,klasifikasi Migas,1,30 K/Pid.Sus-LH/2020,1,0,0,0,0,0,0,0,33705.0,C009,1,,33705.0
C012,1,PN,125/Pid.B/LH/2020/PN Tte,PN TERNATE,Maluku Utara,pengadilan dalam rantai,2019,2020,2020,125/Pid.B/LH/2020/PN Tte,Pertama,9 Juli 2020,Bersalah,Bersalah,0,Premium; Pertalite,penugasan (JBKP),1000.0,liter,125/Pid.B/LH/2020/PN Tte,4875000.0,nilai BBM (disebut dalam putusan): uang hasil lelang BBM barang bukti Rp4.875.000 dirampas untuk negara,53b;53d;55,klasifikasi Migas,1,125/Pid.B/LH/2020/PN Tte,0,1,1,0,0,0,0,0,1000.0,C012,1,,1000.0
C013,1,PN,87/Pid.Sus/2020/PNKbm,PN KEBUMEN,Jawa Tengah,pengadilan dalam rantai,,2020,2020,87/Pid.Sus/2020/PNKbm,Pertama,16 Juli 2020,Bersalah,Bersalah,0,Premium,penugasan (JBKP),510.0,liter,87/Pid.Sus/2020/PNKbm,,,53b,klasifikasi Migas,0,87/Pid.Sus/2020/PNKbm,0,0,1,0,0,0,0,0,510.0,C013,1,,510.0
C014,1,PN,28/Pid.Sus/2020/PN Mrh,PN MARABAHAN,Kalimantan Selatan,pengadilan dalam rantai,2018,2020,2020,28/Pid.Sus/2020/PN Mrh,Pertama,4 Mei 2020,Bersalah,Bersalah,0,Solar/Biosolar (subsidi),subsidi,20500.0,liter,28/Pid.Sus/2020/PN Mrh,124025000.0,nilai BBM = volume × harga per liter Rp 6050 (dihitung): 20500 liter × Rp6050 (harga beli terdakwa dari SPBU) = Rp124025000,55,klasifikasi Migas,1,28/Pid.Sus/2020/PN Mrh,1,0,0,0,0,0,0,0,20500.0,C014,1,,20500.0
C016,1,PN,27/Pid.Sus/2020/PN Pli,PN PELAIHARI,Kalimantan Selatan,pengadilan dalam rantai,2019,2020,2020,27/Pid.Sus/2020/PN Pli,Pertama,27 Februari 2020,Bersalah,Bersalah,0,Solar/Biosolar (subsidi),subsidi,1000.0,liter,27/Pid.Sus/2020/PN Pli,7000000.0,nilai BBM = volume × harga per liter Rp7000 (dihitung): 1000 liter × Rp7000 (harga beli terdakwa) = 7000000,53d,klasifikasi Migas,1,27/Pid.Sus/2020/PN Pli,1,0,0,0,0,0,0,0,1000.0,C016,1,,1000.0
C017,1,MA,,,Lampung,pengadilan asal disebut di teks PDF,,2020,2020,524 K/Pid.Sus/2020,Kasasi,22 April 2020,,Bersalah,0,Premium,penugasan (JBKP),350.0,liter,524 K/Pid.Sus/2020,,,53d,klasifikasi Migas,1,524 K/Pid.Sus/2020,0,0,1,0,0,0,0,0,350.0,C017,1,,350.0
C018,1,MA,,,Kalimantan Barat,pengadilan asal disebut di teks PDF,,2020,2020,1214 K/Pid.Sus/2020,Kasasi,16 Juni 2020,,Bersalah,0,Solar (non-subsidi/industri),non-subsidi,1007.08,liter,1214 K/Pid.Sus/2020,5538940.0,nilai BBM = volume × harga per liter Rp5500 (dihitung): 1007.08 liter × Rp5500 (harga beli dari tugboat) = 5538940,53d,klasifikasi Migas,1,1214 K/Pid.Sus/2020,1,0,0,0,0,0,0,0,1007.08,C018,1,,1007.08
C019,1,MA,,,Sulawesi Tengah,pengadilan asal disebut di teks PDF,,2020,2020,543 K/Pid.Sus LH/2020,Kasasi,22 April 2020,,Bersalah,0,Premium,penugasan (JBKP),10.0,liter,543 K/Pid.Sus LH/2020,,,53d,klasifikasi Migas,1,543 K/Pid.Sus LH/2020,0,0,1,0,0,0,0,0,10.0,C019,1,,10.0
C020,1,PN,240/Pid.Sus/2020/PN Pti,PN PATI,Jawa Tengah,pengadilan dalam rantai,2019,2020,2020,240/Pid.Sus/2020/PN Pti,Pertama,17 Desember 2020,Bersalah,Bersalah,0,Solar/Biosolar (subsidi),subsidi,5000.0,liter,240/Pid.Sus/2020/PN Pti,22425000.0,nilai BBM (disebut dalam putusan): hasil lelang barang bukti solar 5000 liter Rp22.425.000,55,klasifikasi Migas,0,240/Pid.Sus/2020/PN Pti,1,0,0,0,0,0,0,0,5000.0,C020,1,,5000.0
C022,1,MA,,,,,,2020,2020,25 K/PID.SUS-LH/2020,Kasasi,24 Februari 2020,,Bersalah,0,BBM (jenis tidak disebut),tidak disebut,,,,,,53d,klasifikasi Migas,0,25 K/PID.SUS-LH/2020,0,0,0,0,0,0,0,1,,C022,1,,
C023,1,MA,,,,,,2020,2020,875 K/Pid.Sus/2020,Kasasi,11 Juni 2020,,Bersalah,0,Solar/Biosolar (subsidi),subsidi,582.524,liter,875 K/Pid.Sus/2020,,,53b;55,klasifikasi Migas,0,875 K/Pid.Sus/2020,1,0,0,0,0,0,0,0,582.524,C023,1,,582.524
C025,3,PN+MA,34/Pid.Sus/2021/PN Ngb,PN NANGA BULIK,Kalimantan Tengah,pengadilan dalam rantai,2020,2021,2023,580 PK/Pid.Sus/2023,Peninjauan Kembali,14 September 2023,Bersalah,Bersalah,0,Minyak tanah (non-subsidi),non-subsidi,600.0,liter,34/Pid.Sus/2021/PN Ngb,5520000.0,nilai BBM = volume × harga per liter Rp9200 (dihitung): 600 liter × Rp9.200 (harga beli dari PT Talenta Selaras Abadi) = Rp5.520.000,53b,klasifikasi Migas,1,34/Pid.Sus/2021/PN Ngb; 4922 K/Pid.Sus/2022; 580 PK/Pid.Sus/2023,0,0,0,0,0,1,0,0,600.0,C025,1,,600.0
C026,1,PN,157/Pid.Sus/2021/PN Pti,PN PATI,Jawa Tengah,pengadilan dalam rantai,2020,2021,2021,157/Pid.Sus/2021/PN Pti,Pertama,20 Desember 2021,Bersalah,Bersalah,0,Solar (status subsidi tidak disebut),tidak disebut,14920.0,liter,157/Pid.Sus/2021/PN Pti,,,53d,klasifikasi Migas,0,157/Pid.Sus/2021/PN Pti,1,0,0,0,0,0,0,0,14920.0,K02,2,"menyebut KAPAL BAROKAH 01, PERUSAHAAN LSS; volume sama 14920 L",14920.0
C027,1,PN,158/Pid.Sus/2021/PN Pti,PN PATI,Jawa Tengah,pengadilan dalam rantai,,2021,2021,158/Pid.Sus/2021/PN Pti,Pertama,20 Desember 2021,Bersalah,Bersalah,0,Solar/Biosolar (status subsidi tidak disebut),tidak disebut,14920.0,liter,158/Pid.Sus/2021/PN Pti,,,53d,klasifikasi Migas,0,158/Pid.Sus/2021/PN Pti,1,0,0,0,0,0,0,0,14920.0,K02,2,"menyebut KAPAL BAROKAH 01, PERUSAHAAN LSS; volume sama 14920 L",
C028,3,PN+PT+MA,326/Pid.Sus/2020/PN Dum,PN DUMAI,Riau,pengadilan dalam rantai,2020,2020,2021,2536 K/Pid.Sus/2021,Kasasi,1 September 2021,Bersalah,Bersalah,0,Minyak mentah; Solar (hasil olahan ilegal),tidak disebut,46000.0,liter,326/Pid.Sus/2020/PN Dum,65000000.0,nilai BBM = volume × harga per liter (dihitung): 14000 liter minyak menyerupai solar × Rp3500 (harga jual per liter menurut Terdakwa 1) + 32000 liter minyak mentah × Rp500 (harga beli per liter dari pemasok) = 49000000 + 16000000,53a,klasifikasi Migas; putusan terkait (rantai perkara Migas),1,326/Pid.Sus/2020/PN Dum; 596/PID.SUS/2020/PT PBR; 2536 K/Pid.Sus/2021,1,0,0,0,0,0,1,0,46000.0,C028,1,,46000.0
C029,1,MA,,,Kalimantan Selatan,pengadilan asal disebut di teks PDF,2019,2020,2020,100 K/PID.SUS/2020,Kasasi,3 Februari 2020,,Bersalah,0,Solar/Biosolar (subsidi),subsidi,295.0,liter,100 K/PID.SUS/2020,,,55,klasifikasi Migas,1,100 K/PID.SUS/2020,1,0,0,0,0,0,0,0,295.0,C029,1,,295.0
C030,2,PT+MA,,,Aceh,pengadilan dalam rantai,2019,2020,2020,2398 K/PID.SUS-LH/2020,Kasasi,8 September 2020,,Bersalah,0,Premium,penugasan (JBKP),40.0,liter,330/PID/2019/PT BNA,258000.0,nilai BBM = volume × harga per liter Rp6.450 (dihitung): 40 liter × Rp6.450 (harga beli terdakwa di SPBU),53d,klasifikasi Migas; putusan terkait (rantai perkara Migas),1,330/PID/2019/PT BNA; 2398 K/PID.SUS-LH/2020,0,0,1,0,0,0,0,0,40.0,C030,1,,40.0
C031,2,PT+MA,,,Jambi,pengadilan dalam rantai,2019,2020,2020,2408 K/PID.SUS/2020,Kasasi,26 Nopember 2020,,Bersalah,0,Solar/Biosolar (subsidi),subsidi,6000.0,liter,129/PID.SUS/2019/PT JMB,,,53b;55,klasifikasi Migas; putusan terkait (rantai perkara Migas),1,129/PID.SUS/2019/PT JMB; 2408 K/PID.SUS/2020,1,0,0,0,0,0,0,0,6000.0,K03,2,volume sama 6000 L,6000.0
C034,3,PN+PT+MA,126/Pid.Sus/2020/PN Tjg,PN TANJUNG,Kalimantan Selatan,pengadilan dalam rantai,2020,2020,2022,25 K/Pid.Sus/2022,Kasasi,8 Februari 2022,Bersalah,Bersalah,0,Premium,penugasan (JBKP),1100.0,liter,126/Pid.Sus/2020/PN Tjg,9075000.0,nilai BBM = volume × harga per liter Rp8250 (dihitung): 1.100 liter × Rp8.250 (harga beli terdakwa menurut dakwaan) = Rp9.075.000,53b,klasifikasi Migas; putusan terkait (rantai perkara Migas),1,126/Pid.Sus/2020/PN Tjg; 130/PID.SUS/2020/PT BJM; 25 K/Pid.Sus/2022,0,0,1,0,0,0,0,0,1100.0,C034,1,,1100.0
C035,2,PT+MA,,,Jambi,pengadilan dalam rantai,2019,2020,2020,2402 K/Pid.Sus/2020,Kasasi,9 September 2020,,Bersalah,0,Solar/Biosolar (subsidi),subsidi,6000.0,liter,128/PID.SUS/2019/PT JMB,,,53d;55,klasifikasi Migas; putusan terkait (rantai perkara Migas),1,128/PID.SUS/2019/PT JMB; 2402 K/Pid.Sus/2020,1,0,0,0,0,0,0,0,6000.0,K03,2,volume sama 6000 L,
C036,3,PN+PT+MA,18/Pid.B/LH/2021/PN Krs,PN KRAKSAAN,Jawa Timur,pengadilan dalam rantai,2020,2021,2021,3877 K/Pid.Sus-LH/2021,Kasasi,3 Nopember 2021,Bersalah,Bersalah,0,Premium (oplosan dengan tinner/kondensat),penugasan (JBKP),1450.0,liter,18/Pid.B/LH/2021/PN Krs,9438000.0,nilai BBM = volume × harga per liter Rp7800 (dihitung): 1.210 liter premium oplosan × Rp7.800 (harga jual terdakwa); 240 liter premium asli tidak dihitung karena harganya tidak disebut,54,klasifikasi Migas; putusan terkait (rantai perkara Migas),1,18/Pid.B/LH/2021/PN Krs; 251/PID.SUS-LH/2021/PT SBY; 3877 K/Pid.Sus-LH/2021,0,0,1,0,0,0,1,0,1450.0,C036,1,,1450.0
C037,3,PN+PT+MA,118/Pid.Sus/2020/PN Mtp,PN MARTAPURA,Kalimantan Selatan,pengadilan dalam rantai,2020,2020,2022,85 K/Pid.Sus/2022,Kasasi,8 Februari 2022,Bersalah,Bersalah,0,Solar (status subsidi tidak disebut),tidak disebut,420.0,liter,118/Pid.Sus/2020/PN Mtp,2940000.0,"nilai BBM (disebut dalam putusan): total uang pembelian Rp2.940.000 untuk 420 liter solar (dakwaan, dikutip dalam 139/PID.SUS/2020/PT BJM)",53b;53d,klasifikasi Migas; putusan terkait (rantai perkara Migas),1,118/Pid.Sus/2020/PN Mtp; 139/PID.SUS/2020/PT BJM; 85 K/Pid.Sus/2022,1,0,0,0,0,0,0,0,420.0,C037,1,,420.0
C038,3,PN+PT+MA,11/Pid.Sus/2020/PN Ktp,PN KETAPANG,Kalimantan Barat,pengadilan dalam rantai,2019,2020,2022,77 K/Pid.Sus/2022,Kasasi,8 Februari 2022,Bersalah,Bersalah,0,Solar (status subsidi tidak disebut),tidak disebut,3890.224,liter,11/Pid.Sus/2020/PN Ktp,19451120.0,"nilai BBM = volume × harga per liter Rp5000 (dihitung): 3.890,224 liter × Rp5.000 (harga beli dari awak kapal)",53d,klasifikasi Migas; putusan terkait (rantai perkara Migas),1,11/Pid.Sus/2020/PN Ktp; 117/PID.SUS/2020/PT PTK; 77 K/Pid.Sus/2022,1,0,0,0,0,0,0,0,3890.224,C038,1,,3890.224
C039,3,PN+PT+MA,19/Pid.B/LH/2021/PN Tkn,PN TAKENGON,Aceh,pengadilan dalam rantai,2020,2021,2022,249 K/Pid.Sus-LH/2022,Kasasi,16 Februari 2022,Bersalah,Bersalah,0,Premium,penugasan (JBKP),117.0,liter,19/Pid.B/LH/2021/PN Tkn,778050.0,nilai BBM = volume × harga per liter Rp6650 (dihitung): 117 liter × Rp6.650 (harga beli di SPBU/HET),53d,klasifikasi Migas; putusan terkait (rantai perkara Migas),1,19/Pid.B/LH/2021/PN Tkn; 121/PID/LH/2021/PT BNA; 249 K/Pid.Sus-LH/2022,0,0,1,0,0,0,0,0,117.0,C039,1,,117.0
C040,3,PN+PT+MA,154/Pid.Sus/2019/PN Bek,PN BENGKAYANG,Kalimantan Barat,pengadilan dalam rantai,2018,2020,2020,2494 K/Pid.Sus/2020,Kasasi,9 Nopember 2020,Bersalah,Bersalah,0,Solar/Biosolar (subsidi),subsidi,720.0,liter,154/Pid.Sus/2019/PN Bek,4680000.0,nilai BBM = volume 720 liter × harga per liter Rp6.500 (harga beli terdakwa) (dihitung),53d,klasifikasi Migas; putusan terkait (rantai perkara Migas),1,154/Pid.Sus/2019/PN Bek; 11/PID.SUS/2020/PT PTK; 2494 K/Pid.Sus/2020,1,0,0,0,0,0,0,0,720.0,C040,1,,720.0
C042,3,PN+PT+MA,12/Pid.Sus/2020/PN Ktp,PN KETAPANG,Kalimantan Barat,pengadilan dalam rantai,2019,2020,2022,337 K/Pid.Sus/2022,Kasasi,31 Maret 2022,Bersalah,Bersalah,0,Solar (status subsidi tidak disebut),tidak disebut,1970.234,liter,12/Pid.Sus/2020/PN Ktp,9851170.0,nilai BBM = volume × harga per liter Rp5000 (dihitung): 1970.234 liter × Rp5.000 (harga beli terdakwa) = Rp9.851.170,53d,klasifikasi Migas; putusan terkait (rantai perkara Migas),1,12/Pid.Sus/2020/PN Ktp; 118/PID.SUS/2020/PT PTK; 337 K/Pid.Sus/2022,1,0,0,0,0,0,0,0,1970.234,C042,1,,1970.234
C043,3,PN+PT+MA,119/Pid.Sus/2019/PN Kbr,PN KOTOBARU,Sumatera Barat,pengadilan dalam rantai,2018,2020,2021,1493 K/PID.SUS/2021,Kasasi,9 Juni 2021,Bersalah,Bersalah,0,Solar/Biosolar (subsidi),subsidi,810.0,liter,119/Pid.Sus/2019/PN Kbr,5130000.0,nilai BBM = volume × harga (dihitung): 27 jeriken × Rp190.000 per jeriken 30 liter (±Rp6.333/liter) = Rp5.130.000; disebut dibayar Rp5.000.000 + sisa utang Rp130.000,53c;55,klasifikasi Migas; putusan terkait (rantai perkara Migas),1,119/Pid.Sus/2019/PN Kbr; 139/PID.SUS/2020/PT PDG; 1493 K/PID.SUS/2021,1,0,0,0,0,0,0,0,810.0,K04,2,volume sama 810 L,810.0
C044,3,PN+PT+MA,139/Pid.Sus/2020/PN Pyh,PN PAYAKUMBUH,Sumatera Barat,pengadilan dalam rantai,2019,2020,2021,4116 K/Pid.Sus/2021,Kasasi,23 Desember 2021,Bersalah,Bersalah,0,Premium,penugasan (JBKP),155.585,liter,139/Pid.Sus/2020/PN Pyh,1500000.0,nilai BBM (disebut dalam putusan): 2 kali pembelian premium di SPBU masing-masing Rp750.000 = Rp1.500.000 (dari PDF PT PDG dalam chain),53b,klasifikasi Migas; putusan terkait (rantai perkara Migas),1,139/Pid.Sus/2020/PN Pyh; 220/PID.SUS/2020/PT PDG; 4116 K/Pid.Sus/2021,0,0,1,0,0,0,0,0,155.585,C044,1,,155.585
C045,3,PN+PT+MA,65/Pid.Sus/2021/PN Mtp,PN MARTAPURA,Kalimantan Selatan,pengadilan dalam rantai,2020,2021,2022,3393 K/PID.SUS/2022,Kasasi,29 Juli 2022,Bersalah,Bersalah,0,Solar (non-subsidi/industri),non-subsidi,5000.0,liter,65/Pid.Sus/2021/PN Mtp,30000000.0,nilai BBM (disebut dalam putusan): harga pembelian 5.000 liter solar dari PT Ressa Rabby Lestari Rp30.000.000 (Rp6.000/liter termasuk pajak),53d,klasifikasi Migas; putusan terkait (rantai perkara Migas),1,65/Pid.Sus/2021/PN Mtp; 105/PID.SUS/2021/PT BJM; 3393 K/PID.SUS/2022,1,0,0,0,0,0,0,0,5000.0,C045,1,,5000.0
C048,2,PN+MA,220/Pid.Sus/2020/PN Smp,PN SUMENEP,Jawa Timur,pengadilan dalam rantai,2019,2021,2022,439 K/Pid.Sus/2022,Kasasi,24 Februari 2022,Tidak bersalah,Bersalah,1,Solar (non-subsidi/industri),non-subsidi,600.0,liter,220/Pid.Sus/2020/PN Smp,4320000.0,nilai BBM = 600 liter (barang bukti disita) × harga per liter Rp7.200 (harga jual solar industri dalam PO PT Dharma Dwipa Utama/PT Pundi Kencana Makmur) = Rp4.320.000 (dihitung),53d,klasifikasi Migas; putusan terkait (rantai perkara Migas),1,220/Pid.Sus/2020/PN Smp; 439 K/Pid.Sus/2022,1,0,0,0,0,0,0,0,600.0,C048,1,,600.0
C049,2,PN+MA,5/Pid.Sus/2021/PN Pti,PN PATI,Jawa Tengah,pengadilan dalam rantai,2020,2021,2022,3678 K/Pid.Sus/2022,Kasasi,29 Juli 2022,Bersalah,,0,Solar (non-subsidi/industri),non-subsidi,6000.0,liter,5/Pid.Sus/2021/PN Pti,37800000.0,nilai BBM = volume × harga per liter Rp6300 (dihitung): 6000 liter × Rp6.300 (harga beli terdakwa dari agen PT Widya Waskita Wijaya) = Rp37.800.000,53b,klasifikasi Migas; putusan terkait (rantai perkara Migas),1,5/Pid.Sus/2021/PN Pti; 3678 K/Pid.Sus/2022,1,0,0,0,0,0,0,0,6000.0,C049,1,,6000.0
C051,2,PN+MA,231/Pid.Sus/2020/PN Mtp,PN MARTAPURA,Kalimantan Selatan,pengadilan dalam rantai,2020,2021,2021,3871 K/Pid.Sus/2021,Kasasi,8 Desember 2021,Bersalah,Bersalah,0,Premium,penugasan (JBKP),2450.0,liter,231/Pid.Sus/2020/PN Mtp,15802500.0,nilai BBM (disebut dalam putusan): uang hasil titip jual barang bukti 2.450 liter Premium sebesar Rp15.802.500 (setara 2.450 × Rp6.450),53d,klasifikasi Migas; putusan terkait (rantai perkara Migas),1,231/Pid.Sus/2020/PN Mtp; 3871 K/Pid.Sus/2021,0,0,1,0,0,0,0,0,2450.0,C051,1,,2450.0
C053,3,PN+PT+MA,141/Pid.Sus/2022/PN Gdt,PN GEDONG TATAAN,Lampung,pengadilan dalam rantai,,2022,2023,1258 K/Pid.Sus/2023,Kasasi,16 Maret 2023,Bersalah,Bersalah,0,Solar/Biosolar (subsidi),subsidi,197.0,liter,141/Pid.Sus/2022/PN Gdt,788000.0,nilai BBM (disebut dalam putusan): uang hasil lelang 6 jeriken berisi 197 liter solar bersubsidi sebesar Rp788.000,55,klasifikasi Migas; putusan terkait (rantai perkara Migas),0,141/Pid.Sus/2022/PN Gdt; 251/PID.SUS/2022/PT TJK; 1258 K/Pid.Sus/2023,1,0,0,0,0,0,0,0,197.0,C053,1,,197.0
C054,2,PN+MA,205/Pid.Sus/2021/PN Gdt,PN GEDONG TATAAN,Lampung,pengadilan dalam rantai,,2022,2022,4533 K/PID.SUS/2022,Kasasi,8 September 2022,Tidak bersalah,Tidak bersalah,0,Premium; Solar/Biosolar (status subsidi tidak disebut); Pertalite; Pertamax,penugasan (JBKP),2310.0,liter,205/Pid.Sus/2021/PN Gdt,,,,klasifikasi Migas,0,205/Pid.Sus/2021/PN Gdt; 4533 K/PID.SUS/2022,1,1,1,1,0,0,0,0,2310.0,C054,1,,2310.0
C055,3,PN+PT+MA,195/Pid.Sus/2020/PN Sdw,PN KUTAI BARAT,Kalimantan Timur,pengadilan dalam rantai,2020,2021,2022,3923 K/Pid.Sus/2022,Kasasi,1 September 2022,Bersalah,Bersalah,0,Pertalite,penugasan (JBKP),200.0,liter,195/Pid.Sus/2020/PN Sdw,1600000.0,nilai BBM (disebut dalam putusan): Rp1.600.000 dibayar untuk ±200 liter Pertalite (Rp8.000/liter),53b,klasifikasi Migas; putusan terkait (rantai perkara Migas),1,195/Pid.Sus/2020/PN Sdw; 65/PID/2021/PT SMR; 3923 K/Pid.Sus/2022,0,1,0,0,0,0,0,0,200.0,C055,1,,200.0
C058,1,PN,182/Pid.B/LH/2023/PN.Jkt.Tim,PN JAKARTA TIMUR,DKI Jakarta,pengadilan dalam rantai,,2023,2023,182/Pid.B/LH/2023/PN.Jkt.Tim,Pertama,5 Juni 2023,Tidak bersalah,Tidak bersalah,0,Solar (status subsidi tidak disebut),tidak disebut,27911.0,liter,182/Pid.B/LH/2023/PN.Jkt.Tim,,,,klasifikasi Migas,0,182/Pid.B/LH/2023/PN.Jkt.Tim,1,0,0,0,0,0,0,0,27911.0,C058,1,,27911.0
C059,3,PN+PT+MA,120/Pid.Sus/2019/PN Kbr,PN KOTOBARU,Sumatera Barat,pengadilan dalam rantai,2018,2020,2022,104 K/Pid.Sus/2022,Kasasi,8 Februari 2022,Bersalah,Bersalah,0,Solar/Biosolar (subsidi),subsidi,810.0,liter,120/Pid.Sus/2019/PN Kbr,5150000.0,nilai BBM (disebut dalam putusan): harga beli 27 jerigen (810 liter) bio solar Rp5.000.000 dibayar + Rp150.000 masih terutang = Rp5.150.000 (data PDF PT Padang 140/PID.SUS/2020/PT PDG),53c,klasifikasi Migas; putusan terkait (rantai perkara Migas),1,120/Pid.Sus/2019/PN Kbr; 140/PID.SUS/2020/PT PDG; 104 K/Pid.Sus/2022,1,0,0,0,0,0,0,0,810.0,K04,2,volume sama 810 L,
C060,3,PN+PT+MA,14/Pid.B/LH/2023/PN Bla,PN BLORA,Jawa Tengah,pengadilan dalam rantai,2022,2023,2023,4236 K/Pid.Sus-LH/2023,Kasasi,7 September 2023,Bersalah,Bersalah,0,Solar/Biosolar (subsidi); Minyak mentah,subsidi,24000.0,liter,14/Pid.B/LH/2023/PN Bla,158400000.0,nilai BBM (disebut dalam putusan): jumlah seluruh dana pembelian solar subsidi dari sopir dump truck Rp158.400.000 (fakta hukum PDF PT SMG 262/PID.SUS/2023 dalam chain; harga beli Rp6.600/liter; angka ini tidak sama dengan 16.000 liter × Rp6.600 = Rp105.600.000),54;55,klasifikasi Migas; putusan terkait (rantai perkara Migas),1,14/Pid.B/LH/2023/PN Bla; 262/PID.SUS/2023/PT SMG; 4236 K/Pid.Sus-LH/2023,1,0,0,0,0,0,1,0,24000.0,C060,1,,24000.0
C061,3,PN+PT+MA,512/Pid.Sus/LH/2022/PN Jmb,PN JAMBI,Jambi,pengadilan dalam rantai,2022,2023,2023,3595 K/Pid.Sus-LH/2023,Kasasi,1 Agustus 2023,Bersalah,Bersalah,0,Solar/HSD (status subsidi tidak disebut),tidak disebut,200.0,liter,512/Pid.Sus/LH/2022/PN Jmb,,,53,klasifikasi Migas; putusan terkait (rantai perkara Migas),1,512/Pid.Sus/LH/2022/PN Jmb; 12/PID.SUS-LH/2023/PT JMB; 3595 K/Pid.Sus-LH/2023,1,0,0,0,0,0,0,0,200.0,C061,1,,200.0
C064,2,PT+MA,,,Sumatera Utara,pengadilan dalam rantai,2022,2023,2023,3987 K/Pid.Sus/2023,Kasasi,15 Agustus 2023,,Bersalah,0,Solar/Biosolar (subsidi),subsidi,1500.0,liter,284/PID.B/LH/2023/PT MDN,,,55,klasifikasi Migas; putusan terkait (rantai perkara Migas),1,284/PID.B/LH/2023/PT MDN; 3987 K/Pid.Sus/2023,1,0,0,0,0,0,0,0,1500.0,C064,1,,1500.0
C065,3,PN+PT+MA,334/Pid.Sus/2022/PN Sbg,PN SIBOLGA,Sumatera Utara,pengadilan dalam rantai,2022,2023,2023,5569 K/Pid.Sus/2023,Kasasi,16 November 2023,Bersalah,Bersalah,0,Solar (status subsidi tidak disebut),tidak disebut,60000.0,liter,334/Pid.Sus/2022/PN Sbg,360000000.0,nilai BBM (disebut dalam putusan 5569 K/Pid.Sus/2023): hasil penjualan langsung barang bukti sekitar 60.000 liter solar senilai Rp360.000.000 (tuntutan PU),53d;55,klasifikasi Migas; putusan terkait (rantai perkara Migas),1,334/Pid.Sus/2022/PN Sbg; 411/PID.SUS/2023/PT MDN; 5569 K/Pid.Sus/2023,1,0,0,0,0,0,0,0,60000.0,K05,3,menyebut KAPAL CAHAYA BUDI MAKMUR; volume sama 60000 L,60000.0
C066,1,PN,87/Pid.Sus/2024/PN Cjr,PN CIANJUR,Jawa Barat,pengadilan dalam rantai,,2024,2024,87/Pid.Sus/2024/PN Cjr,Pertama,30 April 2024,Bersalah,Bersalah,0,Pertalite,penugasan (JBKP),1018.0,liter,87/Pid.Sus/2024/PN Cjr,,,55,klasifikasi Migas,0,87/Pid.Sus/2024/PN Cjr,0,1,0,0,0,0,0,0,1018.0,C066,1,,1018.0
C067,1,PN,163/Pid.Sus/2024/PN Cjr,PN CIANJUR,Jawa Barat,pengadilan dalam rantai,,2024,2024,163/Pid.Sus/2024/PN Cjr,Pertama,3 Juli 2024,Bersalah,Bersalah,0,Pertalite,penugasan (JBKP),60.0,liter,163/Pid.Sus/2024/PN Cjr,,,55,klasifikasi Migas,0,163/Pid.Sus/2024/PN Cjr,0,1,0,0,0,0,0,0,60.0,C067,1,,60.0
C069,1,MA,,,Sulawesi Selatan,pengadilan asal disebut di teks PDF,,2023,2023,5592 K/Pid.Sus/2023,Kasasi,26 Oktober 2023,,Bersalah,0,Solar/Biosolar (subsidi),subsidi,1720.0,liter,5592 K/Pid.Sus/2023,,,53c,klasifikasi Migas,1,5592 K/Pid.Sus/2023,1,0,0,0,0,0,0,0,1720.0,C069,1,,1720.0
C070,1,MA,,,Sulawesi Tengah,pengadilan asal disebut di teks PDF,2020-2022,2023,2023,5786 K/Pid.Sus/2023,Kasasi,16 November 2023,,Bersalah,0,Solar/Biosolar (subsidi),subsidi,560.0,liter,5786 K/Pid.Sus/2023,3808000.0,nilai lelang BBM pro rata (dihitung): hasil lelang Rp4.726.000 untuk 695 liter gabungan beberapa perkara (= Rp6.800/liter) × 560 liter,55,klasifikasi Migas,1,5786 K/Pid.Sus/2023,1,0,0,0,0,0,0,0,560.0,C070,1,,560.0
C071,1,MA,,,Kalimantan Selatan,pengadilan asal disebut di teks PDF,2022,2023,2023,2530 K/Pid.Sus/2023,Kasasi,2 Agustus 2023,,Bersalah,0,Solar/Biosolar (subsidi),subsidi,,,,,,55,klasifikasi Migas,1,2530 K/Pid.Sus/2023,1,0,0,0,0,0,0,0,,C071,1,,
C072,3,PN+PT+MA,410/Pid.B/LH/2022/PN Pkb,PN PANGKALAN BALAI,Sumatera Selatan,pengadilan dalam rantai,2022,2023,2023,3773 K/Pid.Sus.LH/2023,Kasasi,9 Agustus 2023,Bersalah,Bersalah,0,Solar/Biosolar (subsidi),subsidi,22100.0,liter,410/Pid.B/LH/2022/PN Pkb,,,55,klasifikasi Migas; putusan terkait (rantai perkara Migas),1,410/Pid.B/LH/2022/PN Pkb; 57/PID.LH/2023/PT PLG; 3773 K/Pid.Sus.LH/2023,1,0,0,0,0,0,0,0,22100.0,C072,1,,22100.0
C073,3,PN+PT+MA,117/Pid.Sus/2023/PN Unr,PN KAB SEMARANG,Jawa Tengah,pengadilan dalam rantai,2021,2023,2024,56 K/Pid.Sus/2024,Kasasi,21 Februari 2024,Bersalah,Bersalah,0,Solar/Biosolar (subsidi),subsidi,16000.0,liter,117/Pid.Sus/2023/PN Unr,69600000.0,selisih harga subsidi × volume (dihitung): (Rp9.500 Dexlite non-subsidi − Rp5.150 biosolar subsidi) × 16.000 liter,55,klasifikasi Migas; putusan terkait (rantai perkara Migas),1,117/Pid.Sus/2023/PN Unr; 659/PID.SUS/2023/PT SMG; 56 K/Pid.Sus/2024,1,0,0,0,0,0,0,0,16000.0,C073,1,,16000.0
C074,3,PN+PT+MA,35/Pid.B/LH/2023/PN Tbn,PN TUBAN,Jawa Timur,pengadilan dalam rantai,2022,2023,2023,4506 K/Pid.Sus-LH/2023,Kasasi,5 Oktober 2023,Bersalah,Bersalah,0,Solar/Biosolar (subsidi),subsidi,1320.0,liter,35/Pid.B/LH/2023/PN Tbn,8976000.0,nilai BBM = volume × harga per liter Rp6.800 (dihitung): 1.320 liter × Rp6.800 (harga beli di SPBU menurut dakwaan),55,klasifikasi Migas; putusan terkait (rantai perkara Migas),1,35/Pid.B/LH/2023/PN Tbn; 588/PID.SUS-LH/2023/PT SBY; 4506 K/Pid.Sus-LH/2023,1,0,0,0,0,0,0,0,1320.0,C074,1,,1320.0
C076,2,PN+MA,333/Pid.Sus/2022/PN Sbg,PN SIBOLGA,Sumatera Utara,pengadilan dalam rantai,2022,2023,2023,4814 K/Pid.Sus/2023,Kasasi,13 September 2023,Tidak bersalah,Bersalah,1,Solar/Biosolar (subsidi),subsidi,60000.0,liter,333/Pid.Sus/2022/PN Sbg,360000000.0,nilai BBM (disebut dalam putusan): hasil penjualan langsung barang bukti solar ±60.000 liter senilai Rp360.000.000 (dari putusan MA 4814 K/Pid.Sus/2023),55,klasifikasi Migas; putusan terkait (rantai perkara Migas),1,333/Pid.Sus/2022/PN Sbg; 4814 K/Pid.Sus/2023,1,0,0,0,0,0,0,0,60000.0,K05,3,menyebut KAPAL CAHAYA BUDI MAKMUR; volume sama 60000 L,
C077,2,PN+MA,336/Pid.Sus/2022/PN Sbg,PN SIBOLGA,Sumatera Utara,pengadilan dalam rantai,2022,2023,2023,3221 K/Pid.Sus/2023,Kasasi,9 Agustus 2023,Tidak bersalah,Bersalah,1,Solar/Biosolar (subsidi),subsidi,60000.0,liter,336/Pid.Sus/2022/PN Sbg,360000000.0,nilai BBM (disebut dalam putusan): hasil penjualan langsung barang bukti solar ±60.000 liter senilai Rp360.000.000 (data putusan MA 3221 K/Pid.Sus/2023),55,klasifikasi Migas; putusan terkait (rantai perkara Migas),1,336/Pid.Sus/2022/PN Sbg; 3221 K/Pid.Sus/2023,1,0,0,0,0,0,0,0,60000.0,K05,3,menyebut KAPAL CAHAYA BUDI MAKMUR; volume sama 60000 L,
C078,3,PN+PT+MA,72/Pid.Sus/2023/PN Rbg,PN REMBANG,Jawa Tengah,pengadilan dalam rantai,2023,2023,2024,1304 K/Pid.Sus/2024,Kasasi,16 April 2024,Bersalah,Bersalah,0,Solar/Biosolar (subsidi),subsidi,2000.0,liter,72/Pid.Sus/2023/PN Rbg,6000000.0,selisih harga subsidi × volume (dihitung): (Rp9.800 harga solar non-subsidi/industri yang dibayar pemilik kapal − Rp6.800 harga Bio Solar subsidi SPDN) × 2.000 liter,55,klasifikasi Migas; putusan terkait (rantai perkara Migas),1,72/Pid.Sus/2023/PN Rbg; 639/PID.SUS/2023/PT SMG; 1304 K/Pid.Sus/2024,1,0,0,0,0,0,0,0,2000.0,C078,1,,2000.0
C079,4,PN+PT+MA,123/Pid.Sus/2022/PN Lbo,PN LIMBOTO,Gorontalo,pengadilan dalam rantai,2021-2022,2023,2024,1272 PK/Pid.Sus/2024,Peninjauan Kembali,6 September 2024,Bersalah,Bersalah,0,Solar/Biosolar (subsidi),subsidi,4055.0,liter,123/Pid.Sus/2022/PN Lbo,20883250.0,nilai BBM = volume × harga per liter Rp5150 (dihitung): 4.055 liter × Rp5.150 (harga beli terdakwa di SPBU Timuato) = Rp20.883.250,55,klasifikasi Migas; putusan terkait (rantai perkara Migas),1,123/Pid.Sus/2022/PN Lbo; 21/PID.SUS/2023/PT GTO; 4520 K/Pid.Sus/2023; 1272 PK/Pid.Sus/2024,1,0,0,0,0,0,0,0,4055.0,C079,1,,4055.0
C080,1,Pengadilan Militer,43-K/PM.II-11/AD/IX/2025,DILMIL II 11 YOGYAKARTA,DI Yogyakarta,pengadilan dalam rantai,2024-2025,2025,2025,43-K/PM.II-11/AD/IX/2025,Pertama,30 Oktober 2025,Bersalah,Bersalah,0,Pertalite,penugasan (JBKP),363.0,liter,43-K/PM.II-11/AD/IX/2025,3630000.0,nilai BBM (disebut dalam putusan): total pembelian 363 liter Pertalite senilai Rp3.630.000 (363 liter x Rp10.000/liter harga beli SPBU),55,klasifikasi Migas,1,43-K/PM.II-11/AD/IX/2025,0,1,0,0,0,0,0,0,363.0,C080,1,,363.0
X001,1,PN,1/Pid.S/2026/PN Bgl,PN BENGKULU,Bengkulu,pengadilan dalam rantai,,2026,2026,1/Pid.S/2026/PN Bgl,Pertama,26 Februari 2026,Bersalah,Bersalah,0,Pertalite,penugasan (JBKP),200.0,liter,1/Pid.S/2026/PN Bgl,1950000.0,"nilai BBM (disebut dalam putusan, via tabulasi tim): hasil lelang barang bukti pertalite ±200 L Rp1,95 juta (angka dibulatkan tim), dirampas untuk negara",55,Tabulasi tim (tabulasi kebocoran bbm subsidi_v3.xlsx),0,1/Pid.S/2026/PN Bgl,0,1,0,0,0,0,0,0,200.0,X001,1,,200.0
X002,1,PN,2/Pid.S/2026/PN Bgl,PN BENGKULU,Bengkulu,pengadilan dalam rantai,,2026,2026,2/Pid.S/2026/PN Bgl,Pertama,26 Februari 2026,Bersalah,Bersalah,0,Pertalite,penugasan (JBKP),,,,,,55,Tabulasi tim (tabulasi kebocoran bbm subsidi_v3.xlsx),0,2/Pid.S/2026/PN Bgl,0,1,0,0,0,0,0,0,,X002,1,,
X003,1,PN,101/Pid.Sus/2026/PN Plk,PN PALANGKA RAYA,Kalimantan Tengah,pengadilan dalam rantai,2026,2026,2026,101/Pid.Sus/2026/PN Plk,Pertama,16 Juli 2026,Bersalah,Bersalah,0,Pertalite,penugasan (JBKP),480.0,liter,101/Pid.Sus/2026/PN Plk,4800000.0,"nilai BBM = volume × harga beli per liter Rp10.000 (dihitung oleh tim, tabulasi xlsx): 480 L × Rp10.000",55,Tabulasi tim (tabulasi kebocoran bbm subsidi_v3.xlsx),0,101/Pid.Sus/2026/PN Plk,0,1,0,0,0,0,0,0,480.0,X003,1,,480.0
X004,1,PN,113/Pid.Sus-LH/2026/PN Amb,PN AMBON,Maluku,pengadilan dalam rantai,2026,2026,2026,113/Pid.Sus-LH/2026/PN Amb,Pertama,14 September 2026,Bersalah,Bersalah,0,"Minyak tanah; Solar/Biosolar (subsidi, sebagian dioplos minyak tanah); Pertalite",subsidi,,,,,,55,Tabulasi tim (tabulasi kebocoran bbm subsidi_v3.xlsx),0,113/Pid.Sus-LH/2026/PN Amb,1,1,0,0,0,1,0,0,,X004,1,,
X005,1,PN,130/Pid.Sus/2026/PN Smp,PN SUMENEP,Jawa Timur,pengadilan dalam rantai,2025,2026,2026,130/Pid.Sus/2026/PN Smp,Pertama,21 September 2026,Bersalah,Bersalah,0,Solar/Biosolar (subsidi); Pertalite,subsidi,1192.0,liter,130/Pid.Sus/2026/PN Smp,8344000.0,"nilai BBM = volume × harga beli per liter Rp7.000 (dihitung oleh tim, tabulasi xlsx): 1.192 L × Rp7.000; Rp7.000 = harga beli pengepul (di atas HET solar Rp6.800); tim memakai harga yang sama untuk pertalite 442 L karena harga pertalite tidak dirinci di tabulasi",55,Tabulasi tim (tabulasi kebocoran bbm subsidi_v3.xlsx),0,130/Pid.Sus/2026/PN Smp,1,1,0,0,0,0,0,0,1192.0,X005,1,,1192.0
X006,1,PN,137/Pid.Sus/2026/PN Mrb,PN MUARA BUNGO,Jambi,pengadilan dalam rantai,2026,2026,2026,137/Pid.Sus/2026/PN Mrb,Pertama,24 September 2026,Bersalah,Bersalah,0,Solar/Biosolar (subsidi),subsidi,124.52,liter,137/Pid.Sus/2026/PN Mrb,846736.0,"nilai BBM = volume × harga beli per liter Rp6.800 (dihitung): 124,52 L × Rp6.800 (estimasi tim memakai volume dibulatkan 125 L = Rp850.000)",55,Tabulasi tim (tabulasi kebocoran bbm subsidi_v3.xlsx),0,137/Pid.Sus/2026/PN Mrb,1,0,0,0,0,0,0,0,124.52,X006,1,,124.52
X007,1,PN,15/Pid.Sus/2026/PN Rtg,PN RUTENG,Nusa Tenggara Timur,pengadilan dalam rantai,2024,2026,2026,15/Pid.Sus/2026/PN Rtg,Pertama,10 Juni 2026,Bersalah,Bersalah,0,Solar/Biosolar (subsidi),subsidi,2520.0,liter,15/Pid.Sus/2026/PN Rtg,17136000.0,"nilai BBM = volume × harga beli per liter Rp6.800 (dihitung oleh tim, tabulasi xlsx): 2.520 L × Rp6.800",55,Tabulasi tim (tabulasi kebocoran bbm subsidi_v3.xlsx),0,15/Pid.Sus/2026/PN Rtg,1,0,0,0,0,0,0,0,2520.0,X007,1,,2520.0
X008,1,PN,22/Pid.Sus/2026/PN Wns,PN WATANSOPPENG,Sulawesi Selatan,pengadilan dalam rantai,2026,2026,2026,22/Pid.Sus/2026/PN Wns,Pertama,2 September 2026,Bersalah,Bersalah,0,Pertalite,penugasan (JBKP),104.4,liter,22/Pid.Sus/2026/PN Wns,1144000.0,"nilai BBM (disebut dalam putusan, via tabulasi tim): hasil lelang barang bukti pertalite ±104,4 L Rp1.144.000; estimasi tim volume × harga beli Rp10.000 = Rp1.044.000",55,Tabulasi tim (tabulasi kebocoran bbm subsidi_v3.xlsx),0,22/Pid.Sus/2026/PN Wns,0,1,0,0,0,0,0,0,104.4,X008,1,,104.4
X009,1,PN,29/Pid.Sus/2026/PN Ffk,PN FAKFAK,Papua Barat,pengadilan dalam rantai,2024,2026,2026,29/Pid.Sus/2026/PN Ffk,Pertama,14 Juli 2026,Bersalah,Bersalah,0,Pertalite,penugasan (JBKP),400.0,liter,29/Pid.Sus/2026/PN Ffk,4000000.0,"nilai lelang BBM pro rata (dihitung): hasil lelang BB pertalite 315,28 L Rp3.152.800 (= Rp10.000/L) × 400 L; harga beli tidak tercantum (harga jual ±Rp12.000/L)",55,Tabulasi tim (tabulasi kebocoran bbm subsidi_v3.xlsx),0,29/Pid.Sus/2026/PN Ffk,0,1,0,0,0,0,0,0,400.0,X009,1,,400.0
X010,1,PN,53/Pid.Sus/2026/PN Ktb,PN KOTABARU,Kalimantan Selatan,pengadilan dalam rantai,2025,2026,2026,53/Pid.Sus/2026/PN Ktb,Pertama,20 Mei 2026,Bersalah,Bersalah,0,Solar/Biosolar (subsidi),subsidi,8260.0,liter,53/Pid.Sus/2026/PN Ktb,97468000.0,"nilai BBM = volume × harga beli per liter Rp11.800 (dihitung oleh tim, tabulasi xlsx): 8.260 L × Rp11.800; Rp11.800 = harga beli terdakwa dari pemasok (kredit)",55,Tabulasi tim (tabulasi kebocoran bbm subsidi_v3.xlsx),0,53/Pid.Sus/2026/PN Ktb,1,0,0,0,0,0,0,0,8260.0,X010,1,,8260.0
X011,1,PN,182/Pid.Sus/2026/PN Tpg,PN TANJUNG PINANG,Kepulauan Riau,pengadilan dalam rantai,2026,2026,2026,182/Pid.Sus/2026/PN Tpg,Pertama,29 September 2026,Bersalah,Bersalah,0,Solar/Biosolar (subsidi),subsidi,1100.0,liter,182/Pid.Sus/2026/PN Tpg,7480000.0,"nilai BBM = volume × harga beli per liter Rp6.800 (dihitung oleh tim, tabulasi xlsx): 1.100 L × Rp6.800",55,Tabulasi tim (tabulasi kebocoran bbm subsidi_v3.xlsx),0,182/Pid.Sus/2026/PN Tpg,1,0,0,0,0,0,0,0,1100.0,X011,1,,1100.0
X012,1,PN,55/Pid.Sus/2026/PN Pwr,PN PURWOREJO,Jawa Tengah,pengadilan dalam rantai,2026,2026,2026,55/Pid.Sus/2026/PN Pwr,Pertama,20 Juli 2026,Bersalah,Bersalah,0,Pertalite,penugasan (JBKP),120.0,liter,55/Pid.Sus/2026/PN Pwr,1200000.0,"nilai BBM (disebut dalam putusan, via tabulasi tim): pembelian ±120 L pertalite senilai Rp1.200.000 (= Rp10.000/L)",55,Tabulasi tim (tabulasi kebocoran bbm subsidi_v3.xlsx),0,55/Pid.Sus/2026/PN Pwr,0,1,0,0,0,0,0,0,120.0,X012,1,,120.0
X013,1,PN,93/Pid.Sus/2026/PN Sit,PN SITUBONDO,Jawa Timur,pengadilan dalam rantai,2026,2026,2026,93/Pid.Sus/2026/PN Sit,Pertama,Agustus 2026 (tanggal musyawarah 11 Agustus 2026; tanggal pembacaan tidak terbaca),Bersalah,Bersalah,0,Pertalite,penugasan (JBKP),180.0,liter,93/Pid.Sus/2026/PN Sit,1800000.0,"nilai BBM = volume × harga beli per liter Rp10.000 (dihitung oleh tim, tabulasi xlsx): 180 L × Rp10.000",55,Tabulasi tim (tabulasi kebocoran bbm subsidi_v3.xlsx),0,93/Pid.Sus/2026/PN Sit,0,1,0,0,0,0,0,0,180.0,X013,1,,180.0
X014,1,PN,271/Pid.Sus/2026/PN Byw,PN BANYUWANGI,Jawa Timur,pengadilan dalam rantai,2026,2026,2026,271/Pid.Sus/2026/PN Byw,Pertama,7 September 2026,Bersalah,Bersalah,0,Solar/Biosolar (subsidi),subsidi,420.0,liter,271/Pid.Sus/2026/PN Byw,2856000.0,"nilai BBM = volume × harga beli per liter Rp6.800 (dihitung oleh tim, tabulasi xlsx): 420 L × Rp6.800",55,Tabulasi tim (tabulasi kebocoran bbm subsidi_v3.xlsx),0,271/Pid.Sus/2026/PN Byw,1,0,0,0,0,0,0,0,420.0,X014,1,,420.0
X015,1,PN,549/Pid.Sus-LH/2026/PN Btm,PN BATAM,Kepulauan Riau,pengadilan dalam rantai,2026,2026,2026,549/Pid.Sus-LH/2026/PN Btm,Pertama,16 September 2026,Bersalah,Bersalah,0,Pertalite,penugasan (JBKP),693.0,liter,549/Pid.Sus-LH/2026/PN Btm,6930000.0,"nilai BBM = volume × harga beli per liter Rp10.000 (dihitung oleh tim, tabulasi xlsx): 693 L × Rp10.000",55,Tabulasi tim (tabulasi kebocoran bbm subsidi_v3.xlsx),0,549/Pid.Sus-LH/2026/PN Btm,0,1,0,0,0,0,0,0,693.0,X015,1,,693.0
X016,1,PN,209/Pid.Sus/2026/PN Mpw,PN MEMPAWAH,Kalimantan Barat,pengadilan dalam rantai,2025,2026,2026,209/Pid.Sus/2026/PN Mpw,Pertama,10 Agustus 2026,Bersalah,Bersalah,0,Solar/Biosolar (subsidi),subsidi,525.0,liter,209/Pid.Sus/2026/PN Mpw,5775000.0,"nilai BBM (disebut dalam putusan, via tabulasi tim): pembayaran pembelian 525 L solar dari pemasok Rp5.775.000 (= Rp11.000/L)",55,Tabulasi tim (tabulasi kebocoran bbm subsidi_v3.xlsx),0,209/Pid.Sus/2026/PN Mpw,1,0,0,0,0,0,0,0,525.0,X016,1,,525.0
X017,1,PN,245/Pid.Sus/2026/PN Trg,PN TENGGARONG,Kalimantan Timur,pengadilan dalam rantai,2026,2026,2026,245/Pid.Sus/2026/PN Trg,Pertama,31 Agustus 2026 (perkiraan; dari tanggal sidang terakhir yang terbaca),Bersalah,Bersalah,0,Solar/Biosolar (subsidi); Dexlite,subsidi,680.0,liter,245/Pid.Sus/2026/PN Trg,8160000.0,nilai BBM = volume × harga jual per liter Rp12.000 (dihitung; harga beli tidak tercantum di tabulasi tim): 680 L × Rp12.000; termasuk ±180 L campuran bio solar-Dexlite,55,Tabulasi tim (tabulasi kebocoran bbm subsidi_v3.xlsx),0,245/Pid.Sus/2026/PN Trg,1,0,0,0,1,0,0,0,680.0,X017,1,,680.0
X018,1,PN,251/Pid.Sus-LH/2026/PN Plw,PN PELALAWAN,Riau,pengadilan dalam rantai,2026,2026,2026,251/Pid.Sus-LH/2026/PN Plw,Pertama,22 September 2026,Bersalah,Bersalah,0,Pertalite,penugasan (JBKP),108.0,liter,251/Pid.Sus-LH/2026/PN Plw,,,55,Tabulasi tim (tabulasi kebocoran bbm subsidi_v3.xlsx),0,251/Pid.Sus-LH/2026/PN Plw,0,1,0,0,0,0,0,0,108.0,X018,1,,108.0
X019,1,PN,256/Pid.Sus-LH/2025/PN Pmn,PN PARIAMAN,Sumatera Barat,pengadilan dalam rantai,2024,2026,2026,256/Pid.Sus-LH/2025/PN Pmn,Pertama,"12 Januari 2026 (dokumen tertulis 2025, kemungkinan salah ketik)",Bersalah,Bersalah,0,Pertalite,penugasan (JBKP),201.0,liter,256/Pid.Sus-LH/2025/PN Pmn,2412000.0,nilai BBM = volume × harga jual per liter Rp12.000 (dihitung; harga beli tidak tercantum di tabulasi tim): 201 L × Rp12.000,55,Tabulasi tim (tabulasi kebocoran bbm subsidi_v3.xlsx),0,256/Pid.Sus-LH/2025/PN Pmn,0,1,0,0,0,0,0,0,201.0,X019,1,,201.0
X020,1,PN,288/Pid.Sus-LH/2026/PN Ktp,PN KETAPANG,Kalimantan Barat,pengadilan dalam rantai,2026,2026,2026,288/Pid.Sus-LH/2026/PN Ktp,Pertama,16 Juli 2026,Bersalah,Bersalah,0,Pertalite,penugasan (JBKP),200.0,liter,288/Pid.Sus-LH/2026/PN Ktp,2000000.0,"nilai BBM (disebut dalam putusan, via tabulasi tim): pembayaran 1 drum 200 L pertalite Rp2.000.000 (= Rp10.000/L)",55,Tabulasi tim (tabulasi kebocoran bbm subsidi_v3.xlsx),0,288/Pid.Sus-LH/2026/PN Ktp,0,1,0,0,0,0,0,0,200.0,X020,1,,200.0
X021,1,PN,373/Pid.Sus-LH/2026/PN Llg,PN LUBUK LINGGAU,Sumatera Selatan,pengadilan dalam rantai,2026,2026,2026,373/Pid.Sus-LH/2026/PN Llg,Pertama,26 Agustus 2026,Bersalah,Bersalah,0,Pertalite; Minyak olahan ilegal,penugasan (JBKP),16000.0,liter,373/Pid.Sus-LH/2026/PN Llg,136000000.0,"nilai BBM = volume × harga beli per liter Rp8.500 (dihitung oleh tim, tabulasi xlsx): 16.000 L × Rp8.500; Rp8.500 = harga minyak olahan yang ditukar (nilai perolehan in natura), bukan harga Pertalite; dengan harga jual Pertalite Rp9.500/L nilainya Rp152.000.000",55,Tabulasi tim (tabulasi kebocoran bbm subsidi_v3.xlsx),0,373/Pid.Sus-LH/2026/PN Llg,0,1,0,0,0,0,1,0,16000.0,X021,1,,16000.0
X022,1,PN,383/Pid.Sus/2026/PN Dps,PN DENPASAR,Bali,pengadilan dalam rantai,2026,2026,2026,383/Pid.Sus/2026/PN Dps,Pertama,19 Mei 2026,Bersalah,Bersalah,0,Pertalite,penugasan (JBKP),34.0,liter,383/Pid.Sus/2026/PN Dps,340000.0,nilai BBM = volume × harga beli per liter Rp10.000 (dihitung; dari pembelian 20 L = Rp200.000): 34 L × Rp10.000,55,Tabulasi tim (tabulasi kebocoran bbm subsidi_v3.xlsx),0,383/Pid.Sus/2026/PN Dps,0,1,0,0,0,0,0,0,34.0,X022,1,,34.0
X023,1,PN,402/Pid.Sus/2026/PN Bjm,PN BANJARMASIN,Kalimantan Selatan,pengadilan dalam rantai,2026,2026,2026,402/Pid.Sus/2026/PN Bjm,Pertama,3 Agustus 2026,Bersalah,Bersalah,0,Solar/Biosolar (subsidi),subsidi,400.0,liter,402/Pid.Sus/2026/PN Bjm,2720000.0,"nilai BBM = volume × harga beli per liter Rp6.800 (dihitung oleh tim, tabulasi xlsx): 400 L × Rp6.800",55,Tabulasi tim (tabulasi kebocoran bbm subsidi_v3.xlsx),0,402/Pid.Sus/2026/PN Bjm,1,0,0,0,0,0,0,0,400.0,X023,1,,400.0
X024,1,PN,481/Pid.Sus-LH/2026/PN Btm,PN BATAM,Kepulauan Riau,pengadilan dalam rantai,2026,2026,2026,481/Pid.Sus-LH/2026/PN Btm,Pertama,14 September 2026,Bersalah,Bersalah,0,Pertalite,penugasan (JBKP),1056.0,liter,481/Pid.Sus-LH/2026/PN Btm,10560000.0,"nilai BBM = volume × harga beli per liter Rp10.000 (dihitung oleh tim, tabulasi xlsx)",,Tabulasi tim (tabulasi kebocoran bbm subsidi_v3.xlsx),0,481/Pid.Sus-LH/2026/PN Btm,0,1,0,0,0,0,0,0,1056.0,X024,1,,1056.0
X025,1,PN,501/Pid.Sus/2025/PN Kpn,PN KEPANJEN,Jawa Timur,pengadilan dalam rantai,2025,2026,2026,501/Pid.Sus/2025/PN Kpn,Pertama,12 Januari 2026,Bersalah,Bersalah,0,Solar/Biosolar (subsidi),subsidi,500.0,liter,501/Pid.Sus/2025/PN Kpn,4000000.0,"nilai BBM = volume × harga per liter Rp8.000 (dihitung): 500 liter (kapasitas tandon, angka tim) × Rp8.000 (harga jual pemodal ke sopir truk/petani; harga beli tidak dicatat) = Rp4.000.000",,Tabulasi tim (tabulasi kebocoran bbm subsidi_v3.xlsx),0,501/Pid.Sus/2025/PN Kpn,1,0,0,0,0,0,0,0,500.0,X025,1,,500.0
X026,1,PN,523/Pid.Sus/2026/PN Bjm,PN BANJARMASIN,Kalimantan Selatan,pengadilan dalam rantai,,2026,2026,523/Pid.Sus/2026/PN Bjm,Pertama,15 September 2026,Bersalah,Bersalah,0,Pertalite,penugasan (JBKP),85.0,liter,523/Pid.Sus/2026/PN Bjm,1020000.0,nilai BBM = volume × harga per liter Rp12.000 (dihitung): 85 liter × Rp12.000 (harga jual ke pengecer; harga beli tidak dicatat) = Rp1.020.000,,Tabulasi tim (tabulasi kebocoran bbm subsidi_v3.xlsx),0,523/Pid.Sus/2026/PN Bjm,0,1,0,0,0,0,0,0,85.0,X026,1,,85.0
X027,1,PN,654/Pid.Sus/2026/PN Plg,PN PALEMBANG,Sumatera Selatan,pengadilan dalam rantai,2026,2026,2026,654/Pid.Sus/2026/PN Plg,Pertama,2 Juli 2026,Bersalah,Bersalah,0,Solar/Biosolar (subsidi),subsidi,3.5,ton,654/Pid.Sus/2026/PN Plg,,,,Tabulasi tim (tabulasi kebocoran bbm subsidi_v3.xlsx),0,654/Pid.Sus/2026/PN Plg,1,0,0,0,0,0,0,0,,X027,1,,
X028,1,PN,737/Pid.Sus/2025/PN Bpp,PN BALIKPAPAN,Kalimantan Timur,pengadilan dalam rantai,2025,2026,2026,737/Pid.Sus/2025/PN Bpp,Pertama,9 Februari 2026,Bersalah,Bersalah,0,Pertalite,penugasan (JBKP),75.2,liter,737/Pid.Sus/2025/PN Bpp,752000.0,"nilai BBM = volume × harga beli per liter Rp10.000 (dihitung oleh tim, tabulasi xlsx)",,Tabulasi tim (tabulasi kebocoran bbm subsidi_v3.xlsx),0,737/Pid.Sus/2025/PN Bpp,0,1,0,0,0,0,0,0,75.2,X028,1,,75.2
X029,1,PN,880/Pid.Sus/2026/PN Mdn,PN MEDAN,Sumatera Utara,pengadilan dalam rantai,2026,2026,2026,880/Pid.Sus/2026/PN Mdn,Pertama,24 Agustus 2026,Bersalah,Bersalah,0,Solar/Biosolar (subsidi); Pertalite,subsidi,16000.0,liter,880/Pid.Sus/2026/PN Mdn,,,,Tabulasi tim (tabulasi kebocoran bbm subsidi_v3.xlsx),0,880/Pid.Sus/2026/PN Mdn,1,1,0,0,0,0,0,0,16000.0,X029,1,,16000.0
X030,1,PN,1002/Pid.Sus-LH/2026/PN Sby,PN SURABAYA,Jawa Timur,pengadilan dalam rantai,2026,2026,2026,1002/Pid.Sus-LH/2026/PN Sby,Pertama,3 September 2026,Bersalah,Bersalah,0,Solar/Biosolar (subsidi),subsidi,700.0,liter,1002/Pid.Sus-LH/2026/PN Sby,6300000.0,nilai BBM = volume × harga per liter Rp9.000 (dihitung): 700 liter × Rp9.000 (harga jual terdakwa; harga beli tidak eksplisit) = Rp6.300.000,,Tabulasi tim (tabulasi kebocoran bbm subsidi_v3.xlsx),0,1002/Pid.Sus-LH/2026/PN Sby,1,0,0,0,0,0,0,0,700.0,X030,1,,700.0
X031,1,PN,1074/Pid.Sus-LH/2026/PN Sby,PN SURABAYA,Jawa Timur,pengadilan dalam rantai,2026,2026,2026,1074/Pid.Sus-LH/2026/PN Sby,Pertama,17 September 2026,Bersalah,Bersalah,0,Solar/Biosolar (subsidi),subsidi,480.0,liter,1074/Pid.Sus-LH/2026/PN Sby,4800000.0,"nilai BBM = volume × harga per liter Rp10.000 (dihitung): 480 liter × Rp10.000 (harga jual, batas bawah kisaran Rp10.000-12.000; harga beli tidak dicatat) = Rp4.800.000",,Tabulasi tim (tabulasi kebocoran bbm subsidi_v3.xlsx),0,1074/Pid.Sus-LH/2026/PN Sby,1,0,0,0,0,0,0,0,480.0,X031,1,,480.0
X032,1,PN,114/Pid.Sus/2026/PN Bgl,PN BENGKULU,Bengkulu,pengadilan dalam rantai,2025-2026,2026,2026,114/Pid.Sus/2026/PN Bgl,Pertama,9 Juni 2026,Bersalah,Bersalah,0,Solar/Biosolar (subsidi),subsidi,2000.0,liter,114/Pid.Sus/2026/PN Bgl,13800000.0,"nilai BBM = volume × harga beli per liter Rp6.900 (dihitung oleh tim, tabulasi xlsx)",,Tabulasi tim (tabulasi kebocoran bbm subsidi_v3.xlsx),0,114/Pid.Sus/2026/PN Bgl,1,0,0,0,0,0,0,0,2000.0,X032,1,,2000.0
X033,1,PN,114/Pid.Sus-LH/2026/PN Amb,PN AMBON,Maluku,pengadilan dalam rantai,2026,2026,2026,114/Pid.Sus-LH/2026/PN Amb,Pertama,10 September 2026,Bersalah,Bersalah,0,Minyak tanah (subsidi); Solar oplosan (campuran minyak tanah); Pertalite,subsidi,,,,,,,Tabulasi tim (tabulasi kebocoran bbm subsidi_v3.xlsx),0,114/Pid.Sus-LH/2026/PN Amb,1,1,0,0,0,1,0,0,,X033,1,,
X034,1,PN,115/Pid.Sus-LH/2025/PN Wno,PN WONOSARI,DI Yogyakarta,pengadilan dalam rantai,2025,2026,2026,115/Pid.Sus-LH/2025/PN Wno,Pertama,20 Januari 2026,Bersalah,Bersalah,0,Pertalite,penugasan (JBKP),150.0,liter,115/Pid.Sus-LH/2025/PN Wno,1500000.0,"nilai BBM = volume × harga beli per liter Rp10.000 (dihitung oleh tim, tabulasi xlsx)",,Tabulasi tim (tabulasi kebocoran bbm subsidi_v3.xlsx),0,115/Pid.Sus-LH/2025/PN Wno,0,1,0,0,0,0,0,0,150.0,X034,1,,150.0
X035,1,PN,115/Pid.Sus-LH/2026/PN Amb,PN AMBON,Maluku,pengadilan dalam rantai,2026,2026,2026,115/Pid.Sus-LH/2026/PN Amb,Pertama,10 September 2026,Bersalah,Bersalah,0,Minyak tanah (subsidi); Solar oplosan (campuran minyak tanah); Solar (status subsidi tidak disebut); Pertalite,penugasan (JBKP),2240.0,liter,115/Pid.Sus-LH/2026/PN Amb,9900000.0,"nilai BBM = volume × harga per liter Rp11.000 (dihitung): ±900 liter solar oplosan × Rp11.000 (harga jual terdakwa) = Rp9.900.000; minyak tanah ±1.200 L, solar ±70 L dan pertalite ±70 L tidak dihitung karena harganya tidak disebut",,Tabulasi tim (tabulasi kebocoran bbm subsidi_v3.xlsx),0,115/Pid.Sus-LH/2026/PN Amb,1,1,0,0,0,1,0,0,2240.0,X035,1,,2240.0
X036,1,PN,117/Pid.Sus/2026/PN Bgl,PN BENGKULU,Bengkulu,pengadilan dalam rantai,2026,2026,2026,117/Pid.Sus/2026/PN Bgl,Pertama,9 Juli 2026,Bersalah,Bersalah,0,Pertalite,penugasan (JBKP),50.0,liter,117/Pid.Sus/2026/PN Bgl,500000.0,"nilai BBM = volume × harga beli per liter Rp10.000 (dihitung oleh tim, tabulasi xlsx)",,Tabulasi tim (tabulasi kebocoran bbm subsidi_v3.xlsx),0,117/Pid.Sus/2026/PN Bgl,0,1,0,0,0,0,0,0,50.0,X036,1,,50.0
X037,1,PN,156/Pid.Sus/2025/PN Plp,PN PALOPO,Sulawesi Selatan,pengadilan dalam rantai,2025,2026,2026,156/Pid.Sus/2025/PN Plp,Pertama,13 Januari 2026,Bersalah,Bersalah,0,Solar/Biosolar (subsidi),subsidi,3000.0,liter,156/Pid.Sus/2025/PN Plp,,,,Tabulasi tim (tabulasi kebocoran bbm subsidi_v3.xlsx),0,156/Pid.Sus/2025/PN Plp,1,0,0,0,0,0,0,0,3000.0,X037,1,,3000.0
X038,1,PN,156/Pid.Sus/2026/PN Tlg,PN TULUNGAGUNG,Jawa Timur,pengadilan dalam rantai,2026,2026,2026,156/Pid.Sus/2026/PN Tlg,Pertama,21 September 2026,Bersalah,Bersalah,0,Pertalite,penugasan (JBKP),40.0,liter,156/Pid.Sus/2026/PN Tlg,400000.0,"nilai BBM = volume × harga beli per liter Rp10.000 (dihitung oleh tim, tabulasi xlsx)",,Tabulasi tim (tabulasi kebocoran bbm subsidi_v3.xlsx),0,156/Pid.Sus/2026/PN Tlg,0,1,0,0,0,0,0,0,40.0,X038,1,,40.0
X039,1,PN,157/Pid.Sus/2026/PN Byw,PN BANYUWANGI,Jawa Timur,pengadilan dalam rantai,2026,2026,2026,157/Pid.Sus/2026/PN Byw,Pertama,9 Juni 2026,Bersalah,Bersalah,0,Pertalite,penugasan (JBKP),160.0,liter,157/Pid.Sus/2026/PN Byw,,,,Tabulasi tim (tabulasi kebocoran bbm subsidi_v3.xlsx),0,157/Pid.Sus/2026/PN Byw,0,1,0,0,0,0,0,0,160.0,X039,1,,160.0
X040,1,PN,172/Pid.Sus/2026/PN Sag,PN SANGGAU,Kalimantan Barat,pengadilan dalam rantai,2026,2026,2026,172/Pid.Sus/2026/PN Sag,Pertama,8 September 2026,Bersalah,Bersalah,0,Solar/Biosolar (subsidi),subsidi,705.0,liter,172/Pid.Sus/2026/PN Sag,8107500.0,"nilai BBM = volume × harga per liter Rp11.500 (dihitung): 705 liter × Rp11.500 (harga beli dari pengantri SPBU, batas bawah kisaran Rp11.500-14.000) = Rp8.107.500",,Tabulasi tim (tabulasi kebocoran bbm subsidi_v3.xlsx),0,172/Pid.Sus/2026/PN Sag,1,0,0,0,0,0,0,0,705.0,X040,1,,705.0
X041,1,PN,177/Pid.Sus-LH/2026/PN Pkb,PN PANGKALAN BALAI,Sumatera Selatan,pengadilan dalam rantai,2026,2026,2026,177/Pid.Sus-LH/2026/PN Pkb,Pertama,1 September 2026,Bersalah,Bersalah,0,Solar/Biosolar (subsidi),subsidi,58.8,liter,177/Pid.Sus-LH/2026/PN Pkb,400000.0,"nilai BBM (disebut dalam putusan): pengisian 58,8 liter solar senilai Rp400.000 (tabulasi xlsx; estimasi tim 58,8 × Rp6.800 = Rp399.840)",,Tabulasi tim (tabulasi kebocoran bbm subsidi_v3.xlsx),0,177/Pid.Sus-LH/2026/PN Pkb,1,0,0,0,0,0,0,0,58.8,X041,1,,58.8
X042,1,PN,179/Pid.Sus/2026/PN Sgt,PN SANGATTA,Kalimantan Timur,pengadilan dalam rantai,2026,2026,2026,179/Pid.Sus/2026/PN Sgt,Pertama,5 Agustus 2026,Bersalah,Bersalah,0,Solar/Biosolar (subsidi),subsidi,1080.0,liter,179/Pid.Sus/2026/PN Sgt,7344000.0,"nilai BBM = volume × harga beli per liter Rp6.800 (dihitung oleh tim, tabulasi xlsx)",,Tabulasi tim (tabulasi kebocoran bbm subsidi_v3.xlsx),0,179/Pid.Sus/2026/PN Sgt,1,0,0,0,0,0,0,0,1080.0,X042,1,,1080.0
X043,1,PN,183/Pid.Sus/2026/PN Pbu,PN PANGKALAN BUN,Kalimantan Tengah,pengadilan dalam rantai,2026,2026,2026,183/Pid.Sus/2026/PN Pbu,Pertama,22 September 2026,Bersalah,Bersalah,0,Pertalite,penugasan (JBKP),120.0,liter,183/Pid.Sus/2026/PN Pbu,1200000.0,"nilai BBM = volume × harga beli per liter Rp10.000 (dihitung oleh tim, tabulasi xlsx)",,Tabulasi tim (tabulasi kebocoran bbm subsidi_v3.xlsx),0,183/Pid.Sus/2026/PN Pbu,0,1,0,0,0,0,0,0,120.0,X043,1,,120.0
X044,1,PN,184/Pid.Sus/2026/PN Pbu,PN PANGKALAN BUN,Kalimantan Tengah,pengadilan dalam rantai,2026,2026,2026,184/Pid.Sus/2026/PN Pbu,Pertama,22 September 2026,Bersalah,Bersalah,0,Pertalite,penugasan (JBKP),80.0,liter,184/Pid.Sus/2026/PN Pbu,800000.0,"nilai BBM = volume × harga beli per liter Rp10.000 (dihitung oleh tim, tabulasi xlsx)",,Tabulasi tim (tabulasi kebocoran bbm subsidi_v3.xlsx),0,184/Pid.Sus/2026/PN Pbu,0,1,0,0,0,0,0,0,80.0,X044,1,,80.0
X045,1,PN,186/Pid.Sus/2026/PN Pbu,PN PANGKALAN BUN,Kalimantan Tengah,pengadilan dalam rantai,2026,2026,2026,186/Pid.Sus/2026/PN Pbu,Pertama,22 September 2026,Bersalah,Bersalah,0,Pertalite,penugasan (JBKP),,,,,,,Tabulasi tim (tabulasi kebocoran bbm subsidi_v3.xlsx),0,186/Pid.Sus/2026/PN Pbu,0,1,0,0,0,0,0,0,,X045,1,,
X046,1,PN,203/Pid.Sus/2026/PN Gpr,PN KABUPATEN KEDIRI,Jawa Timur,pengadilan dalam rantai,2026,2026,2026,203/Pid.Sus/2026/PN Gpr,Pertama,24 Agustus 2026,Bersalah,Bersalah,0,Pertalite,penugasan (JBKP),90.0,liter,203/Pid.Sus/2026/PN Gpr,900000.0,"nilai BBM = volume × harga beli per liter Rp10.000 (dihitung oleh tim, tabulasi xlsx)",,Tabulasi tim (tabulasi kebocoran bbm subsidi_v3.xlsx),0,203/Pid.Sus/2026/PN Gpr,0,1,0,0,0,0,0,0,90.0,X046,1,,90.0
