provinsi,perkara,perkara_dengan_volume,total_liter,median_liter,rata2_liter,p90_liter,maks_liter
Kalimantan Selatan,12.0,11.0,39602.0,1000.0,3600.181818181818,8260.0,20500.0
Jawa Tengah,12.0,12.0,142528.0,13981.0,11877.333333333334,23302.9,28987.0
Jawa Timur,12.0,12.0,7132.0,490.0,594.3333333333334,1307.2,1450.0
Kalimantan Barat,7.0,7.0,9017.538,720.0,1288.2197142857144,2738.2300000000005,3890.224
Kalimantan Tengah,6.0,5.0,6633.0,480.0,1326.6,3451.8,5353.0
Sumatera Utara,5.0,5.0,197500.0,60000.0,39500.0,60000.0,60000.0
Jambi,4.0,4.0,12324.52,3100.0,3081.13,6000.0,6000.0
Bengkulu,4.0,3.0,2250.0,200.0,750.0,1640.0,2000.0
Kalimantan Timur,4.0,4.0,2035.2,440.0,508.8,960.0000000000001,1080.0
Sumatera Barat,4.0,4.0,1976.585,505.5,494.14625,810.0,810.0
Sumatera Selatan,4.0,3.0,38158.8,16000.0,12719.6,20880.0,22100.0
Maluku,3.0,1.0,2240.0,2240.0,2240.0,2240.0,2240.0
Sulawesi Selatan,3.0,3.0,4824.4,1720.0,1608.1333333333332,2744.0,3000.0
Sulawesi Tengah,3.0,3.0,636.0,66.0,212.0,461.20000000000005,560.0
Kepulauan Riau,3.0,3.0,2849.0,1056.0,949.6666666666666,1091.2,1100.0
Lampung,3.0,3.0,2857.0,350.0,952.3333333333334,1918.0,2310.0
Bali,2.0,1.0,34.0,34.0,34.0,34.0,34.0
Aceh,2.0,2.0,157.0,78.5,78.5,109.3,117.0
Jawa Barat,2.0,2.0,1078.0,539.0,539.0,922.2,1018.0
DI Yogyakarta,2.0,2.0,513.0,256.5,256.5,341.7,363.0
Tidak diketahui,2.0,1.0,582.524,582.524,582.524,582.524,582.524
Riau,2.0,2.0,46108.0,23054.0,23054.0,41410.8,46000.0
Gorontalo,1.0,1.0,4055.0,4055.0,4055.0,4055.0,4055.0
DKI Jakarta,1.0,1.0,27911.0,27911.0,27911.0,27911.0,27911.0
Papua,1.0,1.0,33705.0,33705.0,33705.0,33705.0,33705.0
Nusa Tenggara Timur,1.0,1.0,2520.0,2520.0,2520.0,2520.0,2520.0
Maluku Utara,1.0,1.0,1000.0,1000.0,1000.0,1000.0,1000.0
Papua Barat,1.0,1.0,400.0,400.0,400.0,400.0,400.0
